image,label
nimg/img001-001.png,0
nimg/img001-002.png,0
nimg/img001-003.png,0
nimg/img001-004.png,0
nimg/img001-005.png,0
nimg/img001-006.png,0
nimg/img001-007.png,0
nimg/img001-008.png,0
nimg/img001-009.png,0
nimg/img001-010.png,0
nimg/img001-011.png,0
nimg/img001-012.png,0
nimg/img001-013.png,0
nimg/img001-014.png,0
nimg/img001-015.png,0
nimg/img001-016.png,0
nimg/img001-017.png,0
nimg/img001-018.png,0
nimg/img001-019.png,0
nimg/img001-020.png,0
nimg/img001-021.png,0
nimg/img001-022.png,0
nimg/img001-023.png,0
nimg/img001-024.png,0
nimg/img001-025.png,0
nimg/img001-026.png,0
nimg/img001-027.png,0
nimg/img001-028.png,0
nimg/img001-029.png,0
nimg/img001-030.png,0
nimg/img001-031.png,0
nimg/img001-032.png,0
nimg/img001-033.png,0
nimg/img001-034.png,0
nimg/img001-035.png,0
nimg/img001-036.png,0
nimg/img001-037.png,0
nimg/img001-038.png,0
nimg/img001-039.png,0
nimg/img001-040.png,0
nimg/img001-041.png,0
nimg/img001-042.png,0
nimg/img001-043.png,0
nimg/img001-044.png,0
nimg/img001-045.png,0
nimg/img001-046.png,0
nimg/img001-047.png,0
nimg/img001-048.png,0
nimg/img001-049.png,0
nimg/img001-050.png,0
nimg/img001-051.png,0
nimg/img001-052.png,0
nimg/img001-053.png,0
nimg/img001-054.png,0
nimg/img001-055.png,0
nimg/img002-001.png,1
nimg/img002-002.png,1
nimg/img002-003.png,1
nimg/img002-004.png,1
nimg/img002-005.png,1
nimg/img002-006.png,1
nimg/img002-007.png,1
nimg/img002-008.png,1
nimg/img002-009.png,1
nimg/img002-010.png,1
nimg/img002-011.png,1
nimg/img002-012.png,1
nimg/img002-013.png,1
nimg/img002-014.png,1
nimg/img002-015.png,1
nimg/img002-016.png,1
nimg/img002-017.png,1
nimg/img002-018.png,1
nimg/img002-019.png,1
nimg/img002-020.png,1
nimg/img002-021.png,1
nimg/img002-022.png,1
nimg/img002-023.png,1
nimg/img002-024.png,1
nimg/img002-025.png,1
nimg/img002-026.png,1
nimg/img002-027.png,1
nimg/img002-028.png,1
nimg/img002-029.png,1
nimg/img002-030.png,1
nimg/img002-031.png,1
nimg/img002-032.png,1
nimg/img002-033.png,1
nimg/img002-034.png,1
nimg/img002-035.png,1
nimg/img002-036.png,1
nimg/img002-037.png,1
nimg/img002-038.png,1
nimg/img002-039.png,1
nimg/img002-040.png,1
nimg/img002-041.png,1
nimg/img002-042.png,1
nimg/img002-043.png,1
nimg/img002-044.png,1
nimg/img002-045.png,1
nimg/img002-046.png,1
nimg/img002-047.png,1
nimg/img002-048.png,1
nimg/img002-049.png,1
nimg/img002-050.png,1
nimg/img002-051.png,1
nimg/img002-052.png,1
nimg/img002-053.png,1
nimg/img002-054.png,1
nimg/img002-055.png,1
nimg/img003-001.png,2
nimg/img003-002.png,2
nimg/img003-003.png,2
nimg/img003-004.png,2
nimg/img003-005.png,2
nimg/img003-006.png,2
nimg/img003-007.png,2
nimg/img003-008.png,2
nimg/img003-009.png,2
nimg/img003-010.png,2
nimg/img003-011.png,2
nimg/img003-012.png,2
nimg/img003-013.png,2
nimg/img003-014.png,2
nimg/img003-015.png,2
nimg/img003-016.png,2
nimg/img003-017.png,2
nimg/img003-018.png,2
nimg/img003-019.png,2
nimg/img003-020.png,2
nimg/img003-021.png,2
nimg/img003-022.png,2
nimg/img003-023.png,2
nimg/img003-024.png,2
nimg/img003-025.png,2
nimg/img003-026.png,2
nimg/img003-027.png,2
nimg/img003-028.png,2
nimg/img003-029.png,2
nimg/img003-030.png,2
nimg/img003-031.png,2
nimg/img003-032.png,2
nimg/img003-033.png,2
nimg/img003-034.png,2
nimg/img003-035.png,2
nimg/img003-036.png,2
nimg/img003-037.png,2
nimg/img003-038.png,2
nimg/img003-039.png,2
nimg/img003-040.png,2
nimg/img003-041.png,2
nimg/img003-042.png,2
nimg/img003-043.png,2
nimg/img003-044.png,2
nimg/img003-045.png,2
nimg/img003-046.png,2
nimg/img003-047.png,2
nimg/img003-048.png,2
nimg/img003-049.png,2
nimg/img003-050.png,2
nimg/img003-051.png,2
nimg/img003-052.png,2
nimg/img003-053.png,2
nimg/img003-054.png,2
nimg/img003-055.png,2
nimg/img004-001.png,3
nimg/img004-002.png,3
nimg/img004-003.png,3
nimg/img004-004.png,3
nimg/img004-005.png,3
nimg/img004-006.png,3
nimg/img004-007.png,3
nimg/img004-008.png,3
nimg/img004-009.png,3
nimg/img004-010.png,3
nimg/img004-011.png,3
nimg/img004-012.png,3
nimg/img004-013.png,3
nimg/img004-014.png,3
nimg/img004-015.png,3
nimg/img004-016.png,3
nimg/img004-017.png,3
nimg/img004-018.png,3
nimg/img004-019.png,3
nimg/img004-020.png,3
nimg/img004-021.png,3
nimg/img004-022.png,3
nimg/img004-023.png,3
nimg/img004-024.png,3
nimg/img004-025.png,3
nimg/img004-026.png,3
nimg/img004-027.png,3
nimg/img004-028.png,3
nimg/img004-029.png,3
nimg/img004-030.png,3
nimg/img004-031.png,3
nimg/img004-032.png,3
nimg/img004-033.png,3
nimg/img004-034.png,3
nimg/img004-035.png,3
nimg/img004-036.png,3
nimg/img004-037.png,3
nimg/img004-038.png,3
nimg/img004-039.png,3
nimg/img004-040.png,3
nimg/img004-041.png,3
nimg/img004-042.png,3
nimg/img004-043.png,3
nimg/img004-044.png,3
nimg/img004-045.png,3
nimg/img004-046.png,3
nimg/img004-047.png,3
nimg/img004-048.png,3
nimg/img004-049.png,3
nimg/img004-050.png,3
nimg/img004-051.png,3
nimg/img004-052.png,3
nimg/img004-053.png,3
nimg/img004-054.png,3
nimg/img004-055.png,3
nimg/img005-001.png,4
nimg/img005-002.png,4
nimg/img005-003.png,4
nimg/img005-004.png,4
nimg/img005-005.png,4
nimg/img005-006.png,4
nimg/img005-007.png,4
nimg/img005-008.png,4
nimg/img005-009.png,4
nimg/img005-010.png,4
nimg/img005-011.png,4
nimg/img005-012.png,4
nimg/img005-013.png,4
nimg/img005-014.png,4
nimg/img005-015.png,4
nimg/img005-016.png,4
nimg/img005-017.png,4
nimg/img005-018.png,4
nimg/img005-019.png,4
nimg/img005-020.png,4
nimg/img005-021.png,4
nimg/img005-022.png,4
nimg/img005-023.png,4
nimg/img005-024.png,4
nimg/img005-025.png,4
nimg/img005-026.png,4
nimg/img005-027.png,4
nimg/img005-028.png,4
nimg/img005-029.png,4
nimg/img005-030.png,4
nimg/img005-031.png,4
nimg/img005-032.png,4
nimg/img005-033.png,4
nimg/img005-034.png,4
nimg/img005-035.png,4
nimg/img005-036.png,4
nimg/img005-037.png,4
nimg/img005-038.png,4
nimg/img005-039.png,4
nimg/img005-040.png,4
nimg/img005-041.png,4
nimg/img005-042.png,4
nimg/img005-043.png,4
nimg/img005-044.png,4
nimg/img005-045.png,4
nimg/img005-046.png,4
nimg/img005-047.png,4
nimg/img005-048.png,4
nimg/img005-049.png,4
nimg/img005-050.png,4
nimg/img005-051.png,4
nimg/img005-052.png,4
nimg/img005-053.png,4
nimg/img005-054.png,4
nimg/img005-055.png,4
nimg/img006-001.png,5
nimg/img006-002.png,5
nimg/img006-003.png,5
nimg/img006-004.png,5
nimg/img006-005.png,5
nimg/img006-006.png,5
nimg/img006-007.png,5
nimg/img006-008.png,5
nimg/img006-009.png,5
nimg/img006-010.png,5
nimg/img006-011.png,5
nimg/img006-012.png,5
nimg/img006-013.png,5
nimg/img006-014.png,5
nimg/img006-015.png,5
nimg/img006-016.png,5
nimg/img006-017.png,5
nimg/img006-018.png,5
nimg/img006-019.png,5
nimg/img006-020.png,5
nimg/img006-021.png,5
nimg/img006-022.png,5
nimg/img006-023.png,5
nimg/img006-024.png,5
nimg/img006-025.png,5
nimg/img006-026.png,5
nimg/img006-027.png,5
nimg/img006-028.png,5
nimg/img006-029.png,5
nimg/img006-030.png,5
nimg/img006-031.png,5
nimg/img006-032.png,5
nimg/img006-033.png,5
nimg/img006-034.png,5
nimg/img006-035.png,5
nimg/img006-036.png,5
nimg/img006-037.png,5
nimg/img006-038.png,5
nimg/img006-039.png,5
nimg/img006-040.png,5
nimg/img006-041.png,5
nimg/img006-042.png,5
nimg/img006-043.png,5
nimg/img006-044.png,5
nimg/img006-045.png,5
nimg/img006-046.png,5
nimg/img006-047.png,5
nimg/img006-048.png,5
nimg/img006-049.png,5
nimg/img006-050.png,5
nimg/img006-051.png,5
nimg/img006-052.png,5
nimg/img006-053.png,5
nimg/img006-054.png,5
nimg/img006-055.png,5
nimg/img007-001.png,6
nimg/img007-002.png,6
nimg/img007-003.png,6
nimg/img007-004.png,6
nimg/img007-005.png,6
nimg/img007-006.png,6
nimg/img007-007.png,6
nimg/img007-008.png,6
nimg/img007-009.png,6
nimg/img007-010.png,6
nimg/img007-011.png,6
nimg/img007-012.png,6
nimg/img007-013.png,6
nimg/img007-014.png,6
nimg/img007-015.png,6
nimg/img007-016.png,6
nimg/img007-017.png,6
nimg/img007-018.png,6
nimg/img007-019.png,6
nimg/img007-020.png,6
nimg/img007-021.png,6
nimg/img007-022.png,6
nimg/img007-023.png,6
nimg/img007-024.png,6
nimg/img007-025.png,6
nimg/img007-026.png,6
nimg/img007-027.png,6
nimg/img007-028.png,6
nimg/img007-029.png,6
nimg/img007-030.png,6
nimg/img007-031.png,6
nimg/img007-032.png,6
nimg/img007-033.png,6
nimg/img007-034.png,6
nimg/img007-035.png,6
nimg/img007-036.png,6
nimg/img007-037.png,6
nimg/img007-038.png,6
nimg/img007-039.png,6
nimg/img007-040.png,6
nimg/img007-041.png,6
nimg/img007-042.png,6
nimg/img007-043.png,6
nimg/img007-044.png,6
nimg/img007-045.png,6
nimg/img007-046.png,6
nimg/img007-047.png,6
nimg/img007-048.png,6
nimg/img007-049.png,6
nimg/img007-050.png,6
nimg/img007-051.png,6
nimg/img007-052.png,6
nimg/img007-053.png,6
nimg/img007-054.png,6
nimg/img007-055.png,6
nimg/img008-001.png,7
nimg/img008-002.png,7
nimg/img008-003.png,7
nimg/img008-004.png,7
nimg/img008-005.png,7
nimg/img008-006.png,7
nimg/img008-007.png,7
nimg/img008-008.png,7
nimg/img008-009.png,7
nimg/img008-010.png,7
nimg/img008-011.png,7
nimg/img008-012.png,7
nimg/img008-013.png,7
nimg/img008-014.png,7
nimg/img008-015.png,7
nimg/img008-016.png,7
nimg/img008-017.png,7
nimg/img008-018.png,7
nimg/img008-019.png,7
nimg/img008-020.png,7
nimg/img008-021.png,7
nimg/img008-022.png,7
nimg/img008-023.png,7
nimg/img008-024.png,7
nimg/img008-025.png,7
nimg/img008-026.png,7
nimg/img008-027.png,7
nimg/img008-028.png,7
nimg/img008-029.png,7
nimg/img008-030.png,7
nimg/img008-031.png,7
nimg/img008-032.png,7
nimg/img008-033.png,7
nimg/img008-034.png,7
nimg/img008-035.png,7
nimg/img008-036.png,7
nimg/img008-037.png,7
nimg/img008-038.png,7
nimg/img008-039.png,7
nimg/img008-040.png,7
nimg/img008-041.png,7
nimg/img008-042.png,7
nimg/img008-043.png,7
nimg/img008-044.png,7
nimg/img008-045.png,7
nimg/img008-046.png,7
nimg/img008-047.png,7
nimg/img008-048.png,7
nimg/img008-049.png,7
nimg/img008-050.png,7
nimg/img008-051.png,7
nimg/img008-052.png,7
nimg/img008-053.png,7
nimg/img008-054.png,7
nimg/img008-055.png,7
nimg/img009-001.png,8
nimg/img009-002.png,8
nimg/img009-003.png,8
nimg/img009-004.png,8
nimg/img009-005.png,8
nimg/img009-006.png,8
nimg/img009-007.png,8
nimg/img009-008.png,8
nimg/img009-009.png,8
nimg/img009-010.png,8
nimg/img009-011.png,8
nimg/img009-012.png,8
nimg/img009-013.png,8
nimg/img009-014.png,8
nimg/img009-015.png,8
nimg/img009-016.png,8
nimg/img009-017.png,8
nimg/img009-018.png,8
nimg/img009-019.png,8
nimg/img009-020.png,8
nimg/img009-021.png,8
nimg/img009-022.png,8
nimg/img009-023.png,8
nimg/img009-024.png,8
nimg/img009-025.png,8
nimg/img009-026.png,8
nimg/img009-027.png,8
nimg/img009-028.png,8
nimg/img009-029.png,8
nimg/img009-030.png,8
nimg/img009-031.png,8
nimg/img009-032.png,8
nimg/img009-033.png,8
nimg/img009-034.png,8
nimg/img009-035.png,8
nimg/img009-036.png,8
nimg/img009-037.png,8
nimg/img009-038.png,8
nimg/img009-039.png,8
nimg/img009-040.png,8
nimg/img009-041.png,8
nimg/img009-042.png,8
nimg/img009-043.png,8
nimg/img009-044.png,8
nimg/img009-045.png,8
nimg/img009-046.png,8
nimg/img009-047.png,8
nimg/img009-048.png,8
nimg/img009-049.png,8
nimg/img009-050.png,8
nimg/img009-051.png,8
nimg/img009-052.png,8
nimg/img009-053.png,8
nimg/img009-054.png,8
nimg/img009-055.png,8
nimg/img010-001.png,9
nimg/img010-002.png,9
nimg/img010-003.png,9
nimg/img010-004.png,9
nimg/img010-005.png,9
nimg/img010-006.png,9
nimg/img010-007.png,9
nimg/img010-008.png,9
nimg/img010-009.png,9
nimg/img010-010.png,9
nimg/img010-011.png,9
nimg/img010-012.png,9
nimg/img010-013.png,9
nimg/img010-014.png,9
nimg/img010-015.png,9
nimg/img010-016.png,9
nimg/img010-017.png,9
nimg/img010-018.png,9
nimg/img010-019.png,9
nimg/img010-020.png,9
nimg/img010-021.png,9
nimg/img010-022.png,9
nimg/img010-023.png,9
nimg/img010-024.png,9
nimg/img010-025.png,9
nimg/img010-026.png,9
nimg/img010-027.png,9
nimg/img010-028.png,9
nimg/img010-029.png,9
nimg/img010-030.png,9
nimg/img010-031.png,9
nimg/img010-032.png,9
nimg/img010-033.png,9
nimg/img010-034.png,9
nimg/img010-035.png,9
nimg/img010-036.png,9
nimg/img010-037.png,9
nimg/img010-038.png,9
nimg/img010-039.png,9
nimg/img010-040.png,9
nimg/img010-041.png,9
nimg/img010-042.png,9
nimg/img010-043.png,9
nimg/img010-044.png,9
nimg/img010-045.png,9
nimg/img010-046.png,9
nimg/img010-047.png,9
nimg/img010-048.png,9
nimg/img010-049.png,9
nimg/img010-050.png,9
nimg/img010-051.png,9
nimg/img010-052.png,9
nimg/img010-053.png,9
nimg/img010-054.png,9
nimg/img010-055.png,9
nimg/img011-001.png,A
nimg/img011-002.png,A
nimg/img011-003.png,A
nimg/img011-004.png,A
nimg/img011-005.png,A
nimg/img011-006.png,A
nimg/img011-007.png,A
nimg/img011-008.png,A
nimg/img011-009.png,A
nimg/img011-010.png,A
nimg/img011-011.png,A
nimg/img011-012.png,A
nimg/img011-013.png,A
nimg/img011-014.png,A
nimg/img011-015.png,A
nimg/img011-016.png,A
nimg/img011-017.png,A
nimg/img011-018.png,A
nimg/img011-019.png,A
nimg/img011-020.png,A
nimg/img011-021.png,A
nimg/img011-022.png,A
nimg/img011-023.png,A
nimg/img011-024.png,A
nimg/img011-025.png,A
nimg/img011-026.png,A
nimg/img011-027.png,A
nimg/img011-028.png,A
nimg/img011-029.png,A
nimg/img011-030.png,A
nimg/img011-031.png,A
nimg/img011-032.png,A
nimg/img011-033.png,A
nimg/img011-034.png,A
nimg/img011-035.png,A
nimg/img011-036.png,A
nimg/img011-037.png,A
nimg/img011-038.png,A
nimg/img011-039.png,A
nimg/img011-040.png,A
nimg/img011-041.png,A
nimg/img011-042.png,A
nimg/img011-043.png,A
nimg/img011-044.png,A
nimg/img011-045.png,A
nimg/img011-046.png,A
nimg/img011-047.png,A
nimg/img011-048.png,A
nimg/img011-049.png,A
nimg/img011-050.png,A
nimg/img011-051.png,A
nimg/img011-052.png,A
nimg/img011-053.png,A
nimg/img011-054.png,A
nimg/img011-055.png,A
nimg/img012-001.png,B
nimg/img012-002.png,B
nimg/img012-003.png,B
nimg/img012-004.png,B
nimg/img012-005.png,B
nimg/img012-006.png,B
nimg/img012-007.png,B
nimg/img012-008.png,B
nimg/img012-009.png,B
nimg/img012-010.png,B
nimg/img012-011.png,B
nimg/img012-012.png,B
nimg/img012-013.png,B
nimg/img012-014.png,B
nimg/img012-015.png,B
nimg/img012-016.png,B
nimg/img012-017.png,B
nimg/img012-018.png,B
nimg/img012-019.png,B
nimg/img012-020.png,B
nimg/img012-021.png,B
nimg/img012-022.png,B
nimg/img012-023.png,B
nimg/img012-024.png,B
nimg/img012-025.png,B
nimg/img012-026.png,B
nimg/img012-027.png,B
nimg/img012-028.png,B
nimg/img012-029.png,B
nimg/img012-030.png,B
nimg/img012-031.png,B
nimg/img012-032.png,B
nimg/img012-033.png,B
nimg/img012-034.png,B
nimg/img012-035.png,B
nimg/img012-036.png,B
nimg/img012-037.png,B
nimg/img012-038.png,B
nimg/img012-039.png,B
nimg/img012-040.png,B
nimg/img012-041.png,B
nimg/img012-042.png,B
nimg/img012-043.png,B
nimg/img012-044.png,B
nimg/img012-045.png,B
nimg/img012-046.png,B
nimg/img012-047.png,B
nimg/img012-048.png,B
nimg/img012-049.png,B
nimg/img012-050.png,B
nimg/img012-051.png,B
nimg/img012-052.png,B
nimg/img012-053.png,B
nimg/img012-054.png,B
nimg/img012-055.png,B
nimg/img013-001.png,C
nimg/img013-002.png,C
nimg/img013-003.png,C
nimg/img013-004.png,C
nimg/img013-005.png,C
nimg/img013-006.png,C
nimg/img013-007.png,C
nimg/img013-008.png,C
nimg/img013-009.png,C
nimg/img013-010.png,C
nimg/img013-011.png,C
nimg/img013-012.png,C
nimg/img013-013.png,C
nimg/img013-014.png,C
nimg/img013-015.png,C
nimg/img013-016.png,C
nimg/img013-017.png,C
nimg/img013-018.png,C
nimg/img013-019.png,C
nimg/img013-020.png,C
nimg/img013-021.png,C
nimg/img013-022.png,C
nimg/img013-023.png,C
nimg/img013-024.png,C
nimg/img013-025.png,C
nimg/img013-026.png,C
nimg/img013-027.png,C
nimg/img013-028.png,C
nimg/img013-029.png,C
nimg/img013-030.png,C
nimg/img013-031.png,C
nimg/img013-032.png,C
nimg/img013-033.png,C
nimg/img013-034.png,C
nimg/img013-035.png,C
nimg/img013-036.png,C
nimg/img013-037.png,C
nimg/img013-038.png,C
nimg/img013-039.png,C
nimg/img013-040.png,C
nimg/img013-041.png,C
nimg/img013-042.png,C
nimg/img013-043.png,C
nimg/img013-044.png,C
nimg/img013-045.png,C
nimg/img013-046.png,C
nimg/img013-047.png,C
nimg/img013-048.png,C
nimg/img013-049.png,C
nimg/img013-050.png,C
nimg/img013-051.png,C
nimg/img013-052.png,C
nimg/img013-053.png,C
nimg/img013-054.png,C
nimg/img013-055.png,C
nimg/img014-001.png,D
nimg/img014-002.png,D
nimg/img014-003.png,D
nimg/img014-004.png,D
nimg/img014-005.png,D
nimg/img014-006.png,D
nimg/img014-007.png,D
nimg/img014-008.png,D
nimg/img014-009.png,D
nimg/img014-010.png,D
nimg/img014-011.png,D
nimg/img014-012.png,D
nimg/img014-013.png,D
nimg/img014-014.png,D
nimg/img014-015.png,D
nimg/img014-016.png,D
nimg/img014-017.png,D
nimg/img014-018.png,D
nimg/img014-019.png,D
nimg/img014-020.png,D
nimg/img014-021.png,D
nimg/img014-022.png,D
nimg/img014-023.png,D
nimg/img014-024.png,D
nimg/img014-025.png,D
nimg/img014-026.png,D
nimg/img014-027.png,D
nimg/img014-028.png,D
nimg/img014-029.png,D
nimg/img014-030.png,D
nimg/img014-031.png,D
nimg/img014-032.png,D
nimg/img014-033.png,D
nimg/img014-034.png,D
nimg/img014-035.png,D
nimg/img014-036.png,D
nimg/img014-037.png,D
nimg/img014-038.png,D
nimg/img014-039.png,D
nimg/img014-040.png,D
nimg/img014-041.png,D
nimg/img014-042.png,D
nimg/img014-043.png,D
nimg/img014-044.png,D
nimg/img014-045.png,D
nimg/img014-046.png,D
nimg/img014-047.png,D
nimg/img014-048.png,D
nimg/img014-049.png,D
nimg/img014-050.png,D
nimg/img014-051.png,D
nimg/img014-052.png,D
nimg/img014-053.png,D
nimg/img014-054.png,D
nimg/img014-055.png,D
nimg/img015-001.png,E
nimg/img015-002.png,E
nimg/img015-003.png,E
nimg/img015-004.png,E
nimg/img015-005.png,E
nimg/img015-006.png,E
nimg/img015-007.png,E
nimg/img015-008.png,E
nimg/img015-009.png,E
nimg/img015-010.png,E
nimg/img015-011.png,E
nimg/img015-012.png,E
nimg/img015-013.png,E
nimg/img015-014.png,E
nimg/img015-015.png,E
nimg/img015-016.png,E
nimg/img015-017.png,E
nimg/img015-018.png,E
nimg/img015-019.png,E
nimg/img015-020.png,E
nimg/img015-021.png,E
nimg/img015-022.png,E
nimg/img015-023.png,E
nimg/img015-024.png,E
nimg/img015-025.png,E
nimg/img015-026.png,E
nimg/img015-027.png,E
nimg/img015-028.png,E
nimg/img015-029.png,E
nimg/img015-030.png,E
nimg/img015-031.png,E
nimg/img015-032.png,E
nimg/img015-033.png,E
nimg/img015-034.png,E
nimg/img015-035.png,E
nimg/img015-036.png,E
nimg/img015-037.png,E
nimg/img015-038.png,E
nimg/img015-039.png,E
nimg/img015-040.png,E
nimg/img015-041.png,E
nimg/img015-042.png,E
nimg/img015-043.png,E
nimg/img015-044.png,E
nimg/img015-045.png,E
nimg/img015-046.png,E
nimg/img015-047.png,E
nimg/img015-048.png,E
nimg/img015-049.png,E
nimg/img015-050.png,E
nimg/img015-051.png,E
nimg/img015-052.png,E
nimg/img015-053.png,E
nimg/img015-054.png,E
nimg/img015-055.png,E
nimg/img016-001.png,F
nimg/img016-002.png,F
nimg/img016-003.png,F
nimg/img016-004.png,F
nimg/img016-005.png,F
nimg/img016-006.png,F
nimg/img016-007.png,F
nimg/img016-008.png,F
nimg/img016-009.png,F
nimg/img016-010.png,F
nimg/img016-011.png,F
nimg/img016-012.png,F
nimg/img016-013.png,F
nimg/img016-014.png,F
nimg/img016-015.png,F
nimg/img016-016.png,F
nimg/img016-017.png,F
nimg/img016-018.png,F
nimg/img016-019.png,F
nimg/img016-020.png,F
nimg/img016-021.png,F
nimg/img016-022.png,F
nimg/img016-023.png,F
nimg/img016-024.png,F
nimg/img016-025.png,F
nimg/img016-026.png,F
nimg/img016-027.png,F
nimg/img016-028.png,F
nimg/img016-029.png,F
nimg/img016-030.png,F
nimg/img016-031.png,F
nimg/img016-032.png,F
nimg/img016-033.png,F
nimg/img016-034.png,F
nimg/img016-035.png,F
nimg/img016-036.png,F
nimg/img016-037.png,F
nimg/img016-038.png,F
nimg/img016-039.png,F
nimg/img016-040.png,F
nimg/img016-041.png,F
nimg/img016-042.png,F
nimg/img016-043.png,F
nimg/img016-044.png,F
nimg/img016-045.png,F
nimg/img016-046.png,F
nimg/img016-047.png,F
nimg/img016-048.png,F
nimg/img016-049.png,F
nimg/img016-050.png,F
nimg/img016-051.png,F
nimg/img016-052.png,F
nimg/img016-053.png,F
nimg/img016-054.png,F
nimg/img016-055.png,F
nimg/img017-001.png,G
nimg/img017-002.png,G
nimg/img017-003.png,G
nimg/img017-004.png,G
nimg/img017-005.png,G
nimg/img017-006.png,G
nimg/img017-007.png,G
nimg/img017-008.png,G
nimg/img017-009.png,G
nimg/img017-010.png,G
nimg/img017-011.png,G
nimg/img017-012.png,G
nimg/img017-013.png,G
nimg/img017-014.png,G
nimg/img017-015.png,G
nimg/img017-016.png,G
nimg/img017-017.png,G
nimg/img017-018.png,G
nimg/img017-019.png,G
nimg/img017-020.png,G
nimg/img017-021.png,G
nimg/img017-022.png,G
nimg/img017-023.png,G
nimg/img017-024.png,G
nimg/img017-025.png,G
nimg/img017-026.png,G
nimg/img017-027.png,G
nimg/img017-028.png,G
nimg/img017-029.png,G
nimg/img017-030.png,G
nimg/img017-031.png,G
nimg/img017-032.png,G
nimg/img017-033.png,G
nimg/img017-034.png,G
nimg/img017-035.png,G
nimg/img017-036.png,G
nimg/img017-037.png,G
nimg/img017-038.png,G
nimg/img017-039.png,G
nimg/img017-040.png,G
nimg/img017-041.png,G
nimg/img017-042.png,G
nimg/img017-043.png,G
nimg/img017-044.png,G
nimg/img017-045.png,G
nimg/img017-046.png,G
nimg/img017-047.png,G
nimg/img017-048.png,G
nimg/img017-049.png,G
nimg/img017-050.png,G
nimg/img017-051.png,G
nimg/img017-052.png,G
nimg/img017-053.png,G
nimg/img017-054.png,G
nimg/img017-055.png,G
nimg/img018-001.png,H
nimg/img018-002.png,H
nimg/img018-003.png,H
nimg/img018-004.png,H
nimg/img018-005.png,H
nimg/img018-006.png,H
nimg/img018-007.png,H
nimg/img018-008.png,H
nimg/img018-009.png,H
nimg/img018-010.png,H
nimg/img018-011.png,H
nimg/img018-012.png,H
nimg/img018-013.png,H
nimg/img018-014.png,H
nimg/img018-015.png,H
nimg/img018-016.png,H
nimg/img018-017.png,H
nimg/img018-018.png,H
nimg/img018-019.png,H
nimg/img018-020.png,H
nimg/img018-021.png,H
nimg/img018-022.png,H
nimg/img018-023.png,H
nimg/img018-024.png,H
nimg/img018-025.png,H
nimg/img018-026.png,H
nimg/img018-027.png,H
nimg/img018-028.png,H
nimg/img018-029.png,H
nimg/img018-030.png,H
nimg/img018-031.png,H
nimg/img018-032.png,H
nimg/img018-033.png,H
nimg/img018-034.png,H
nimg/img018-035.png,H
nimg/img018-036.png,H
nimg/img018-037.png,H
nimg/img018-038.png,H
nimg/img018-039.png,H
nimg/img018-040.png,H
nimg/img018-041.png,H
nimg/img018-042.png,H
nimg/img018-043.png,H
nimg/img018-044.png,H
nimg/img018-045.png,H
nimg/img018-046.png,H
nimg/img018-047.png,H
nimg/img018-048.png,H
nimg/img018-049.png,H
nimg/img018-050.png,H
nimg/img018-051.png,H
nimg/img018-052.png,H
nimg/img018-053.png,H
nimg/img018-054.png,H
nimg/img018-055.png,H
nimg/img019-001.png,I
nimg/img019-002.png,I
nimg/img019-003.png,I
nimg/img019-004.png,I
nimg/img019-005.png,I
nimg/img019-006.png,I
nimg/img019-007.png,I
nimg/img019-008.png,I
nimg/img019-009.png,I
nimg/img019-010.png,I
nimg/img019-011.png,I
nimg/img019-012.png,I
nimg/img019-013.png,I
nimg/img019-014.png,I
nimg/img019-015.png,I
nimg/img019-016.png,I
nimg/img019-017.png,I
nimg/img019-018.png,I
nimg/img019-019.png,I
nimg/img019-020.png,I
nimg/img019-021.png,I
nimg/img019-022.png,I
nimg/img019-023.png,I
nimg/img019-024.png,I
nimg/img019-025.png,I
nimg/img019-026.png,I
nimg/img019-027.png,I
nimg/img019-028.png,I
nimg/img019-029.png,I
nimg/img019-030.png,I
nimg/img019-031.png,I
nimg/img019-032.png,I
nimg/img019-033.png,I
nimg/img019-034.png,I
nimg/img019-035.png,I
nimg/img019-036.png,I
nimg/img019-037.png,I
nimg/img019-038.png,I
nimg/img019-039.png,I
nimg/img019-040.png,I
nimg/img019-041.png,I
nimg/img019-042.png,I
nimg/img019-043.png,I
nimg/img019-044.png,I
nimg/img019-045.png,I
nimg/img019-046.png,I
nimg/img019-047.png,I
nimg/img019-048.png,I
nimg/img019-049.png,I
nimg/img019-050.png,I
nimg/img019-051.png,I
nimg/img019-052.png,I
nimg/img019-053.png,I
nimg/img019-054.png,I
nimg/img019-055.png,I
nimg/img020-001.png,J
nimg/img020-002.png,J
nimg/img020-003.png,J
nimg/img020-004.png,J
nimg/img020-005.png,J
nimg/img020-006.png,J
nimg/img020-007.png,J
nimg/img020-008.png,J
nimg/img020-009.png,J
nimg/img020-010.png,J
nimg/img020-011.png,J
nimg/img020-012.png,J
nimg/img020-013.png,J
nimg/img020-014.png,J
nimg/img020-015.png,J
nimg/img020-016.png,J
nimg/img020-017.png,J
nimg/img020-018.png,J
nimg/img020-019.png,J
nimg/img020-020.png,J
nimg/img020-021.png,J
nimg/img020-022.png,J
nimg/img020-023.png,J
nimg/img020-024.png,J
nimg/img020-025.png,J
nimg/img020-026.png,J
nimg/img020-027.png,J
nimg/img020-028.png,J
nimg/img020-029.png,J
nimg/img020-030.png,J
nimg/img020-031.png,J
nimg/img020-032.png,J
nimg/img020-033.png,J
nimg/img020-034.png,J
nimg/img020-035.png,J
nimg/img020-036.png,J
nimg/img020-037.png,J
nimg/img020-038.png,J
nimg/img020-039.png,J
nimg/img020-040.png,J
nimg/img020-041.png,J
nimg/img020-042.png,J
nimg/img020-043.png,J
nimg/img020-044.png,J
nimg/img020-045.png,J
nimg/img020-046.png,J
nimg/img020-047.png,J
nimg/img020-048.png,J
nimg/img020-049.png,J
nimg/img020-050.png,J
nimg/img020-051.png,J
nimg/img020-052.png,J
nimg/img020-053.png,J
nimg/img020-054.png,J
nimg/img020-055.png,J
nimg/img021-001.png,K
nimg/img021-002.png,K
nimg/img021-003.png,K
nimg/img021-004.png,K
nimg/img021-005.png,K
nimg/img021-006.png,K
nimg/img021-007.png,K
nimg/img021-008.png,K
nimg/img021-009.png,K
nimg/img021-010.png,K
nimg/img021-011.png,K
nimg/img021-012.png,K
nimg/img021-013.png,K
nimg/img021-014.png,K
nimg/img021-015.png,K
nimg/img021-016.png,K
nimg/img021-017.png,K
nimg/img021-018.png,K
nimg/img021-019.png,K
nimg/img021-020.png,K
nimg/img021-021.png,K
nimg/img021-022.png,K
nimg/img021-023.png,K
nimg/img021-024.png,K
nimg/img021-025.png,K
nimg/img021-026.png,K
nimg/img021-027.png,K
nimg/img021-028.png,K
nimg/img021-029.png,K
nimg/img021-030.png,K
nimg/img021-031.png,K
nimg/img021-032.png,K
nimg/img021-033.png,K
nimg/img021-034.png,K
nimg/img021-035.png,K
nimg/img021-036.png,K
nimg/img021-037.png,K
nimg/img021-038.png,K
nimg/img021-039.png,K
nimg/img021-040.png,K
nimg/img021-041.png,K
nimg/img021-042.png,K
nimg/img021-043.png,K
nimg/img021-044.png,K
nimg/img021-045.png,K
nimg/img021-046.png,K
nimg/img021-047.png,K
nimg/img021-048.png,K
nimg/img021-049.png,K
nimg/img021-050.png,K
nimg/img021-051.png,K
nimg/img021-052.png,K
nimg/img021-053.png,K
nimg/img021-054.png,K
nimg/img021-055.png,K
nimg/img022-001.png,L
nimg/img022-002.png,L
nimg/img022-003.png,L
nimg/img022-004.png,L
nimg/img022-005.png,L
nimg/img022-006.png,L
nimg/img022-007.png,L
nimg/img022-008.png,L
nimg/img022-009.png,L
nimg/img022-010.png,L
nimg/img022-011.png,L
nimg/img022-012.png,L
nimg/img022-013.png,L
nimg/img022-014.png,L
nimg/img022-015.png,L
nimg/img022-016.png,L
nimg/img022-017.png,L
nimg/img022-018.png,L
nimg/img022-019.png,L
nimg/img022-020.png,L
nimg/img022-021.png,L
nimg/img022-022.png,L
nimg/img022-023.png,L
nimg/img022-024.png,L
nimg/img022-025.png,L
nimg/img022-026.png,L
nimg/img022-027.png,L
nimg/img022-028.png,L
nimg/img022-029.png,L
nimg/img022-030.png,L
nimg/img022-031.png,L
nimg/img022-032.png,L
nimg/img022-033.png,L
nimg/img022-034.png,L
nimg/img022-035.png,L
nimg/img022-036.png,L
nimg/img022-037.png,L
nimg/img022-038.png,L
nimg/img022-039.png,L
nimg/img022-040.png,L
nimg/img022-041.png,L
nimg/img022-042.png,L
nimg/img022-043.png,L
nimg/img022-044.png,L
nimg/img022-045.png,L
nimg/img022-046.png,L
nimg/img022-047.png,L
nimg/img022-048.png,L
nimg/img022-049.png,L
nimg/img022-050.png,L
nimg/img022-051.png,L
nimg/img022-052.png,L
nimg/img022-053.png,L
nimg/img022-054.png,L
nimg/img022-055.png,L
nimg/img023-001.png,M
nimg/img023-002.png,M
nimg/img023-003.png,M
nimg/img023-004.png,M
nimg/img023-005.png,M
nimg/img023-006.png,M
nimg/img023-007.png,M
nimg/img023-008.png,M
nimg/img023-009.png,M
nimg/img023-010.png,M
nimg/img023-011.png,M
nimg/img023-012.png,M
nimg/img023-013.png,M
nimg/img023-014.png,M
nimg/img023-015.png,M
nimg/img023-016.png,M
nimg/img023-017.png,M
nimg/img023-018.png,M
nimg/img023-019.png,M
nimg/img023-020.png,M
nimg/img023-021.png,M
nimg/img023-022.png,M
nimg/img023-023.png,M
nimg/img023-024.png,M
nimg/img023-025.png,M
nimg/img023-026.png,M
nimg/img023-027.png,M
nimg/img023-028.png,M
nimg/img023-029.png,M
nimg/img023-030.png,M
nimg/img023-031.png,M
nimg/img023-032.png,M
nimg/img023-033.png,M
nimg/img023-034.png,M
nimg/img023-035.png,M
nimg/img023-036.png,M
nimg/img023-037.png,M
nimg/img023-038.png,M
nimg/img023-039.png,M
nimg/img023-040.png,M
nimg/img023-041.png,M
nimg/img023-042.png,M
nimg/img023-043.png,M
nimg/img023-044.png,M
nimg/img023-045.png,M
nimg/img023-046.png,M
nimg/img023-047.png,M
nimg/img023-048.png,M
nimg/img023-049.png,M
nimg/img023-050.png,M
nimg/img023-051.png,M
nimg/img023-052.png,M
nimg/img023-053.png,M
nimg/img023-054.png,M
nimg/img023-055.png,M
nimg/img024-001.png,N
nimg/img024-002.png,N
nimg/img024-003.png,N
nimg/img024-004.png,N
nimg/img024-005.png,N
nimg/img024-006.png,N
nimg/img024-007.png,N
nimg/img024-008.png,N
nimg/img024-009.png,N
nimg/img024-010.png,N
nimg/img024-011.png,N
nimg/img024-012.png,N
nimg/img024-013.png,N
nimg/img024-014.png,N
nimg/img024-015.png,N
nimg/img024-016.png,N
nimg/img024-017.png,N
nimg/img024-018.png,N
nimg/img024-019.png,N
nimg/img024-020.png,N
nimg/img024-021.png,N
nimg/img024-022.png,N
nimg/img024-023.png,N
nimg/img024-024.png,N
nimg/img024-025.png,N
nimg/img024-026.png,N
nimg/img024-027.png,N
nimg/img024-028.png,N
nimg/img024-029.png,N
nimg/img024-030.png,N
nimg/img024-031.png,N
nimg/img024-032.png,N
nimg/img024-033.png,N
nimg/img024-034.png,N
nimg/img024-035.png,N
nimg/img024-036.png,N
nimg/img024-037.png,N
nimg/img024-038.png,N
nimg/img024-039.png,N
nimg/img024-040.png,N
nimg/img024-041.png,N
nimg/img024-042.png,N
nimg/img024-043.png,N
nimg/img024-044.png,N
nimg/img024-045.png,N
nimg/img024-046.png,N
nimg/img024-047.png,N
nimg/img024-048.png,N
nimg/img024-049.png,N
nimg/img024-050.png,N
nimg/img024-051.png,N
nimg/img024-052.png,N
nimg/img024-053.png,N
nimg/img024-054.png,N
nimg/img024-055.png,N
nimg/img025-001.png,O
nimg/img025-002.png,O
nimg/img025-003.png,O
nimg/img025-004.png,O
nimg/img025-005.png,O
nimg/img025-006.png,O
nimg/img025-007.png,O
nimg/img025-008.png,O
nimg/img025-009.png,O
nimg/img025-010.png,O
nimg/img025-011.png,O
nimg/img025-012.png,O
nimg/img025-013.png,O
nimg/img025-014.png,O
nimg/img025-015.png,O
nimg/img025-016.png,O
nimg/img025-017.png,O
nimg/img025-018.png,O
nimg/img025-019.png,O
nimg/img025-020.png,O
nimg/img025-021.png,O
nimg/img025-022.png,O
nimg/img025-023.png,O
nimg/img025-024.png,O
nimg/img025-025.png,O
nimg/img025-026.png,O
nimg/img025-027.png,O
nimg/img025-028.png,O
nimg/img025-029.png,O
nimg/img025-030.png,O
nimg/img025-031.png,O
nimg/img025-032.png,O
nimg/img025-033.png,O
nimg/img025-034.png,O
nimg/img025-035.png,O
nimg/img025-036.png,O
nimg/img025-037.png,O
nimg/img025-038.png,O
nimg/img025-039.png,O
nimg/img025-040.png,O
nimg/img025-041.png,O
nimg/img025-042.png,O
nimg/img025-043.png,O
nimg/img025-044.png,O
nimg/img025-045.png,O
nimg/img025-046.png,O
nimg/img025-047.png,O
nimg/img025-048.png,O
nimg/img025-049.png,O
nimg/img025-050.png,O
nimg/img025-051.png,O
nimg/img025-052.png,O
nimg/img025-053.png,O
nimg/img025-054.png,O
nimg/img025-055.png,O
nimg/img026-001.png,P
nimg/img026-002.png,P
nimg/img026-003.png,P
nimg/img026-004.png,P
nimg/img026-005.png,P
nimg/img026-006.png,P
nimg/img026-007.png,P
nimg/img026-008.png,P
nimg/img026-009.png,P
nimg/img026-010.png,P
nimg/img026-011.png,P
nimg/img026-012.png,P
nimg/img026-013.png,P
nimg/img026-014.png,P
nimg/img026-015.png,P
nimg/img026-016.png,P
nimg/img026-017.png,P
nimg/img026-018.png,P
nimg/img026-019.png,P
nimg/img026-020.png,P
nimg/img026-021.png,P
nimg/img026-022.png,P
nimg/img026-023.png,P
nimg/img026-024.png,P
nimg/img026-025.png,P
nimg/img026-026.png,P
nimg/img026-027.png,P
nimg/img026-028.png,P
nimg/img026-029.png,P
nimg/img026-030.png,P
nimg/img026-031.png,P
nimg/img026-032.png,P
nimg/img026-033.png,P
nimg/img026-034.png,P
nimg/img026-035.png,P
nimg/img026-036.png,P
nimg/img026-037.png,P
nimg/img026-038.png,P
nimg/img026-039.png,P
nimg/img026-040.png,P
nimg/img026-041.png,P
nimg/img026-042.png,P
nimg/img026-043.png,P
nimg/img026-044.png,P
nimg/img026-045.png,P
nimg/img026-046.png,P
nimg/img026-047.png,P
nimg/img026-048.png,P
nimg/img026-049.png,P
nimg/img026-050.png,P
nimg/img026-051.png,P
nimg/img026-052.png,P
nimg/img026-053.png,P
nimg/img026-054.png,P
nimg/img026-055.png,P
nimg/img027-001.png,Q
nimg/img027-002.png,Q
nimg/img027-003.png,Q
nimg/img027-004.png,Q
nimg/img027-005.png,Q
nimg/img027-006.png,Q
nimg/img027-007.png,Q
nimg/img027-008.png,Q
nimg/img027-009.png,Q
nimg/img027-010.png,Q
nimg/img027-011.png,Q
nimg/img027-012.png,Q
nimg/img027-013.png,Q
nimg/img027-014.png,Q
nimg/img027-015.png,Q
nimg/img027-016.png,Q
nimg/img027-017.png,Q
nimg/img027-018.png,Q
nimg/img027-019.png,Q
nimg/img027-020.png,Q
nimg/img027-021.png,Q
nimg/img027-022.png,Q
nimg/img027-023.png,Q
nimg/img027-024.png,Q
nimg/img027-025.png,Q
nimg/img027-026.png,Q
nimg/img027-027.png,Q
nimg/img027-028.png,Q
nimg/img027-029.png,Q
nimg/img027-030.png,Q
nimg/img027-031.png,Q
nimg/img027-032.png,Q
nimg/img027-033.png,Q
nimg/img027-034.png,Q
nimg/img027-035.png,Q
nimg/img027-036.png,Q
nimg/img027-037.png,Q
nimg/img027-038.png,Q
nimg/img027-039.png,Q
nimg/img027-040.png,Q
nimg/img027-041.png,Q
nimg/img027-042.png,Q
nimg/img027-043.png,Q
nimg/img027-044.png,Q
nimg/img027-045.png,Q
nimg/img027-046.png,Q
nimg/img027-047.png,Q
nimg/img027-048.png,Q
nimg/img027-049.png,Q
nimg/img027-050.png,Q
nimg/img027-051.png,Q
nimg/img027-052.png,Q
nimg/img027-053.png,Q
nimg/img027-054.png,Q
nimg/img027-055.png,Q
nimg/img028-001.png,R
nimg/img028-002.png,R
nimg/img028-003.png,R
nimg/img028-004.png,R
nimg/img028-005.png,R
nimg/img028-006.png,R
nimg/img028-007.png,R
nimg/img028-008.png,R
nimg/img028-009.png,R
nimg/img028-010.png,R
nimg/img028-011.png,R
nimg/img028-012.png,R
nimg/img028-013.png,R
nimg/img028-014.png,R
nimg/img028-015.png,R
nimg/img028-016.png,R
nimg/img028-017.png,R
nimg/img028-018.png,R
nimg/img028-019.png,R
nimg/img028-020.png,R
nimg/img028-021.png,R
nimg/img028-022.png,R
nimg/img028-023.png,R
nimg/img028-024.png,R
nimg/img028-025.png,R
nimg/img028-026.png,R
nimg/img028-027.png,R
nimg/img028-028.png,R
nimg/img028-029.png,R
nimg/img028-030.png,R
nimg/img028-031.png,R
nimg/img028-032.png,R
nimg/img028-033.png,R
nimg/img028-034.png,R
nimg/img028-035.png,R
nimg/img028-036.png,R
nimg/img028-037.png,R
nimg/img028-038.png,R
nimg/img028-039.png,R
nimg/img028-040.png,R
nimg/img028-041.png,R
nimg/img028-042.png,R
nimg/img028-043.png,R
nimg/img028-044.png,R
nimg/img028-045.png,R
nimg/img028-046.png,R
nimg/img028-047.png,R
nimg/img028-048.png,R
nimg/img028-049.png,R
nimg/img028-050.png,R
nimg/img028-051.png,R
nimg/img028-052.png,R
nimg/img028-053.png,R
nimg/img028-054.png,R
nimg/img028-055.png,R
nimg/img029-001.png,S
nimg/img029-002.png,S
nimg/img029-003.png,S
nimg/img029-004.png,S
nimg/img029-005.png,S
nimg/img029-006.png,S
nimg/img029-007.png,S
nimg/img029-008.png,S
nimg/img029-009.png,S
nimg/img029-010.png,S
nimg/img029-011.png,S
nimg/img029-012.png,S
nimg/img029-013.png,S
nimg/img029-014.png,S
nimg/img029-015.png,S
nimg/img029-016.png,S
nimg/img029-017.png,S
nimg/img029-018.png,S
nimg/img029-019.png,S
nimg/img029-020.png,S
nimg/img029-021.png,S
nimg/img029-022.png,S
nimg/img029-023.png,S
nimg/img029-024.png,S
nimg/img029-025.png,S
nimg/img029-026.png,S
nimg/img029-027.png,S
nimg/img029-028.png,S
nimg/img029-029.png,S
nimg/img029-030.png,S
nimg/img029-031.png,S
nimg/img029-032.png,S
nimg/img029-033.png,S
nimg/img029-034.png,S
nimg/img029-035.png,S
nimg/img029-036.png,S
nimg/img029-037.png,S
nimg/img029-038.png,S
nimg/img029-039.png,S
nimg/img029-040.png,S
nimg/img029-041.png,S
nimg/img029-042.png,S
nimg/img029-043.png,S
nimg/img029-044.png,S
nimg/img029-045.png,S
nimg/img029-046.png,S
nimg/img029-047.png,S
nimg/img029-048.png,S
nimg/img029-049.png,S
nimg/img029-050.png,S
nimg/img029-051.png,S
nimg/img029-052.png,S
nimg/img029-053.png,S
nimg/img029-054.png,S
nimg/img029-055.png,S
nimg/img030-001.png,T
nimg/img030-002.png,T
nimg/img030-003.png,T
nimg/img030-004.png,T
nimg/img030-005.png,T
nimg/img030-006.png,T
nimg/img030-007.png,T
nimg/img030-008.png,T
nimg/img030-009.png,T
nimg/img030-010.png,T
nimg/img030-011.png,T
nimg/img030-012.png,T
nimg/img030-013.png,T
nimg/img030-014.png,T
nimg/img030-015.png,T
nimg/img030-016.png,T
nimg/img030-017.png,T
nimg/img030-018.png,T
nimg/img030-019.png,T
nimg/img030-020.png,T
nimg/img030-021.png,T
nimg/img030-022.png,T
nimg/img030-023.png,T
nimg/img030-024.png,T
nimg/img030-025.png,T
nimg/img030-026.png,T
nimg/img030-027.png,T
nimg/img030-028.png,T
nimg/img030-029.png,T
nimg/img030-030.png,T
nimg/img030-031.png,T
nimg/img030-032.png,T
nimg/img030-033.png,T
nimg/img030-034.png,T
nimg/img030-035.png,T
nimg/img030-036.png,T
nimg/img030-037.png,T
nimg/img030-038.png,T
nimg/img030-039.png,T
nimg/img030-040.png,T
nimg/img030-041.png,T
nimg/img030-042.png,T
nimg/img030-043.png,T
nimg/img030-044.png,T
nimg/img030-045.png,T
nimg/img030-046.png,T
nimg/img030-047.png,T
nimg/img030-048.png,T
nimg/img030-049.png,T
nimg/img030-050.png,T
nimg/img030-051.png,T
nimg/img030-052.png,T
nimg/img030-053.png,T
nimg/img030-054.png,T
nimg/img030-055.png,T
nimg/img031-001.png,U
nimg/img031-002.png,U
nimg/img031-003.png,U
nimg/img031-004.png,U
nimg/img031-005.png,U
nimg/img031-006.png,U
nimg/img031-007.png,U
nimg/img031-008.png,U
nimg/img031-009.png,U
nimg/img031-010.png,U
nimg/img031-011.png,U
nimg/img031-012.png,U
nimg/img031-013.png,U
nimg/img031-014.png,U
nimg/img031-015.png,U
nimg/img031-016.png,U
nimg/img031-017.png,U
nimg/img031-018.png,U
nimg/img031-019.png,U
nimg/img031-020.png,U
nimg/img031-021.png,U
nimg/img031-022.png,U
nimg/img031-023.png,U
nimg/img031-024.png,U
nimg/img031-025.png,U
nimg/img031-026.png,U
nimg/img031-027.png,U
nimg/img031-028.png,U
nimg/img031-029.png,U
nimg/img031-030.png,U
nimg/img031-031.png,U
nimg/img031-032.png,U
nimg/img031-033.png,U
nimg/img031-034.png,U
nimg/img031-035.png,U
nimg/img031-036.png,U
nimg/img031-037.png,U
nimg/img031-038.png,U
nimg/img031-039.png,U
nimg/img031-040.png,U
nimg/img031-041.png,U
nimg/img031-042.png,U
nimg/img031-043.png,U
nimg/img031-044.png,U
nimg/img031-045.png,U
nimg/img031-046.png,U
nimg/img031-047.png,U
nimg/img031-048.png,U
nimg/img031-049.png,U
nimg/img031-050.png,U
nimg/img031-051.png,U
nimg/img031-052.png,U
nimg/img031-053.png,U
nimg/img031-054.png,U
nimg/img031-055.png,U
nimg/img032-001.png,V
nimg/img032-002.png,V
nimg/img032-003.png,V
nimg/img032-004.png,V
nimg/img032-005.png,V
nimg/img032-006.png,V
nimg/img032-007.png,V
nimg/img032-008.png,V
nimg/img032-009.png,V
nimg/img032-010.png,V
nimg/img032-011.png,V
nimg/img032-012.png,V
nimg/img032-013.png,V
nimg/img032-014.png,V
nimg/img032-015.png,V
nimg/img032-016.png,V
nimg/img032-017.png,V
nimg/img032-018.png,V
nimg/img032-019.png,V
nimg/img032-020.png,V
nimg/img032-021.png,V
nimg/img032-022.png,V
nimg/img032-023.png,V
nimg/img032-024.png,V
nimg/img032-025.png,V
nimg/img032-026.png,V
nimg/img032-027.png,V
nimg/img032-028.png,V
nimg/img032-029.png,V
nimg/img032-030.png,V
nimg/img032-031.png,V
nimg/img032-032.png,V
nimg/img032-033.png,V
nimg/img032-034.png,V
nimg/img032-035.png,V
nimg/img032-036.png,V
nimg/img032-037.png,V
nimg/img032-038.png,V
nimg/img032-039.png,V
nimg/img032-040.png,V
nimg/img032-041.png,V
nimg/img032-042.png,V
nimg/img032-043.png,V
nimg/img032-044.png,V
nimg/img032-045.png,V
nimg/img032-046.png,V
nimg/img032-047.png,V
nimg/img032-048.png,V
nimg/img032-049.png,V
nimg/img032-050.png,V
nimg/img032-051.png,V
nimg/img032-052.png,V
nimg/img032-053.png,V
nimg/img032-054.png,V
nimg/img032-055.png,V
nimg/img033-001.png,W
nimg/img033-002.png,W
nimg/img033-003.png,W
nimg/img033-004.png,W
nimg/img033-005.png,W
nimg/img033-006.png,W
nimg/img033-007.png,W
nimg/img033-008.png,W
nimg/img033-009.png,W
nimg/img033-010.png,W
nimg/img033-011.png,W
nimg/img033-012.png,W
nimg/img033-013.png,W
nimg/img033-014.png,W
nimg/img033-015.png,W
nimg/img033-016.png,W
nimg/img033-017.png,W
nimg/img033-018.png,W
nimg/img033-019.png,W
nimg/img033-020.png,W
nimg/img033-021.png,W
nimg/img033-022.png,W
nimg/img033-023.png,W
nimg/img033-024.png,W
nimg/img033-025.png,W
nimg/img033-026.png,W
nimg/img033-027.png,W
nimg/img033-028.png,W
nimg/img033-029.png,W
nimg/img033-030.png,W
nimg/img033-031.png,W
nimg/img033-032.png,W
nimg/img033-033.png,W
nimg/img033-034.png,W
nimg/img033-035.png,W
nimg/img033-036.png,W
nimg/img033-037.png,W
nimg/img033-038.png,W
nimg/img033-039.png,W
nimg/img033-040.png,W
nimg/img033-041.png,W
nimg/img033-042.png,W
nimg/img033-043.png,W
nimg/img033-044.png,W
nimg/img033-045.png,W
nimg/img033-046.png,W
nimg/img033-047.png,W
nimg/img033-048.png,W
nimg/img033-049.png,W
nimg/img033-050.png,W
nimg/img033-051.png,W
nimg/img033-052.png,W
nimg/img033-053.png,W
nimg/img033-054.png,W
nimg/img033-055.png,W
nimg/img034-001.png,X
nimg/img034-002.png,X
nimg/img034-003.png,X
nimg/img034-004.png,X
nimg/img034-005.png,X
nimg/img034-006.png,X
nimg/img034-007.png,X
nimg/img034-008.png,X
nimg/img034-009.png,X
nimg/img034-010.png,X
nimg/img034-011.png,X
nimg/img034-012.png,X
nimg/img034-013.png,X
nimg/img034-014.png,X
nimg/img034-015.png,X
nimg/img034-016.png,X
nimg/img034-017.png,X
nimg/img034-018.png,X
nimg/img034-019.png,X
nimg/img034-020.png,X
nimg/img034-021.png,X
nimg/img034-022.png,X
nimg/img034-023.png,X
nimg/img034-024.png,X
nimg/img034-025.png,X
nimg/img034-026.png,X
nimg/img034-027.png,X
nimg/img034-028.png,X
nimg/img034-029.png,X
nimg/img034-030.png,X
nimg/img034-031.png,X
nimg/img034-032.png,X
nimg/img034-033.png,X
nimg/img034-034.png,X
nimg/img034-035.png,X
nimg/img034-036.png,X
nimg/img034-037.png,X
nimg/img034-038.png,X
nimg/img034-039.png,X
nimg/img034-040.png,X
nimg/img034-041.png,X
nimg/img034-042.png,X
nimg/img034-043.png,X
nimg/img034-044.png,X
nimg/img034-045.png,X
nimg/img034-046.png,X
nimg/img034-047.png,X
nimg/img034-048.png,X
nimg/img034-049.png,X
nimg/img034-050.png,X
nimg/img034-051.png,X
nimg/img034-052.png,X
nimg/img034-053.png,X
nimg/img034-054.png,X
nimg/img034-055.png,X
nimg/img035-001.png,Y
nimg/img035-002.png,Y
nimg/img035-003.png,Y
nimg/img035-004.png,Y
nimg/img035-005.png,Y
nimg/img035-006.png,Y
nimg/img035-007.png,Y
nimg/img035-008.png,Y
nimg/img035-009.png,Y
nimg/img035-010.png,Y
nimg/img035-011.png,Y
nimg/img035-012.png,Y
nimg/img035-013.png,Y
nimg/img035-014.png,Y
nimg/img035-015.png,Y
nimg/img035-016.png,Y
nimg/img035-017.png,Y
nimg/img035-018.png,Y
nimg/img035-019.png,Y
nimg/img035-020.png,Y
nimg/img035-021.png,Y
nimg/img035-022.png,Y
nimg/img035-023.png,Y
nimg/img035-024.png,Y
nimg/img035-025.png,Y
nimg/img035-026.png,Y
nimg/img035-027.png,Y
nimg/img035-028.png,Y
nimg/img035-029.png,Y
nimg/img035-030.png,Y
nimg/img035-031.png,Y
nimg/img035-032.png,Y
nimg/img035-033.png,Y
nimg/img035-034.png,Y
nimg/img035-035.png,Y
nimg/img035-036.png,Y
nimg/img035-037.png,Y
nimg/img035-038.png,Y
nimg/img035-039.png,Y
nimg/img035-040.png,Y
nimg/img035-041.png,Y
nimg/img035-042.png,Y
nimg/img035-043.png,Y
nimg/img035-044.png,Y
nimg/img035-045.png,Y
nimg/img035-046.png,Y
nimg/img035-047.png,Y
nimg/img035-048.png,Y
nimg/img035-049.png,Y
nimg/img035-050.png,Y
nimg/img035-051.png,Y
nimg/img035-052.png,Y
nimg/img035-053.png,Y
nimg/img035-054.png,Y
nimg/img035-055.png,Y
nimg/img036-001.png,Z
nimg/img036-002.png,Z
nimg/img036-003.png,Z
nimg/img036-004.png,Z
nimg/img036-005.png,Z
nimg/img036-006.png,Z
nimg/img036-007.png,Z
nimg/img036-008.png,Z
nimg/img036-009.png,Z
nimg/img036-010.png,Z
nimg/img036-011.png,Z
nimg/img036-012.png,Z
nimg/img036-013.png,Z
nimg/img036-014.png,Z
nimg/img036-015.png,Z
nimg/img036-016.png,Z
nimg/img036-017.png,Z
nimg/img036-018.png,Z
nimg/img036-019.png,Z
nimg/img036-020.png,Z
nimg/img036-021.png,Z
nimg/img036-022.png,Z
nimg/img036-023.png,Z
nimg/img036-024.png,Z
nimg/img036-025.png,Z
nimg/img036-026.png,Z
nimg/img036-027.png,Z
nimg/img036-028.png,Z
nimg/img036-029.png,Z
nimg/img036-030.png,Z
nimg/img036-031.png,Z
nimg/img036-032.png,Z
nimg/img036-033.png,Z
nimg/img036-034.png,Z
nimg/img036-035.png,Z
nimg/img036-036.png,Z
nimg/img036-037.png,Z
nimg/img036-038.png,Z
nimg/img036-039.png,Z
nimg/img036-040.png,Z
nimg/img036-041.png,Z
nimg/img036-042.png,Z
nimg/img036-043.png,Z
nimg/img036-044.png,Z
nimg/img036-045.png,Z
nimg/img036-046.png,Z
nimg/img036-047.png,Z
nimg/img036-048.png,Z
nimg/img036-049.png,Z
nimg/img036-050.png,Z
nimg/img036-051.png,Z
nimg/img036-052.png,Z
nimg/img036-053.png,Z
nimg/img036-054.png,Z
nimg/img036-055.png,Z
nimg/img037-001.png,a
nimg/img037-002.png,a
nimg/img037-003.png,a
nimg/img037-004.png,a
nimg/img037-005.png,a
nimg/img037-006.png,a
nimg/img037-007.png,a
nimg/img037-008.png,a
nimg/img037-009.png,a
nimg/img037-010.png,a
nimg/img037-011.png,a
nimg/img037-012.png,a
nimg/img037-013.png,a
nimg/img037-014.png,a
nimg/img037-015.png,a
nimg/img037-016.png,a
nimg/img037-017.png,a
nimg/img037-018.png,a
nimg/img037-019.png,a
nimg/img037-020.png,a
nimg/img037-021.png,a
nimg/img037-022.png,a
nimg/img037-023.png,a
nimg/img037-024.png,a
nimg/img037-025.png,a
nimg/img037-026.png,a
nimg/img037-027.png,a
nimg/img037-028.png,a
nimg/img037-029.png,a
nimg/img037-030.png,a
nimg/img037-031.png,a
nimg/img037-032.png,a
nimg/img037-033.png,a
nimg/img037-034.png,a
nimg/img037-035.png,a
nimg/img037-036.png,a
nimg/img037-037.png,a
nimg/img037-038.png,a
nimg/img037-039.png,a
nimg/img037-040.png,a
nimg/img037-041.png,a
nimg/img037-042.png,a
nimg/img037-043.png,a
nimg/img037-044.png,a
nimg/img037-045.png,a
nimg/img037-046.png,a
nimg/img037-047.png,a
nimg/img037-048.png,a
nimg/img037-049.png,a
nimg/img037-050.png,a
nimg/img037-051.png,a
nimg/img037-052.png,a
nimg/img037-053.png,a
nimg/img037-054.png,a
nimg/img037-055.png,a
nimg/img038-001.png,b
nimg/img038-002.png,b
nimg/img038-003.png,b
nimg/img038-004.png,b
nimg/img038-005.png,b
nimg/img038-006.png,b
nimg/img038-007.png,b
nimg/img038-008.png,b
nimg/img038-009.png,b
nimg/img038-010.png,b
nimg/img038-011.png,b
nimg/img038-012.png,b
nimg/img038-013.png,b
nimg/img038-014.png,b
nimg/img038-015.png,b
nimg/img038-016.png,b
nimg/img038-017.png,b
nimg/img038-018.png,b
nimg/img038-019.png,b
nimg/img038-020.png,b
nimg/img038-021.png,b
nimg/img038-022.png,b
nimg/img038-023.png,b
nimg/img038-024.png,b
nimg/img038-025.png,b
nimg/img038-026.png,b
nimg/img038-027.png,b
nimg/img038-028.png,b
nimg/img038-029.png,b
nimg/img038-030.png,b
nimg/img038-031.png,b
nimg/img038-032.png,b
nimg/img038-033.png,b
nimg/img038-034.png,b
nimg/img038-035.png,b
nimg/img038-036.png,b
nimg/img038-037.png,b
nimg/img038-038.png,b
nimg/img038-039.png,b
nimg/img038-040.png,b
nimg/img038-041.png,b
nimg/img038-042.png,b
nimg/img038-043.png,b
nimg/img038-044.png,b
nimg/img038-045.png,b
nimg/img038-046.png,b
nimg/img038-047.png,b
nimg/img038-048.png,b
nimg/img038-049.png,b
nimg/img038-050.png,b
nimg/img038-051.png,b
nimg/img038-052.png,b
nimg/img038-053.png,b
nimg/img038-054.png,b
nimg/img038-055.png,b
nimg/img039-001.png,c
nimg/img039-002.png,c
nimg/img039-003.png,c
nimg/img039-004.png,c
nimg/img039-005.png,c
nimg/img039-006.png,c
nimg/img039-007.png,c
nimg/img039-008.png,c
nimg/img039-009.png,c
nimg/img039-010.png,c
nimg/img039-011.png,c
nimg/img039-012.png,c
nimg/img039-013.png,c
nimg/img039-014.png,c
nimg/img039-015.png,c
nimg/img039-016.png,c
nimg/img039-017.png,c
nimg/img039-018.png,c
nimg/img039-019.png,c
nimg/img039-020.png,c
nimg/img039-021.png,c
nimg/img039-022.png,c
nimg/img039-023.png,c
nimg/img039-024.png,c
nimg/img039-025.png,c
nimg/img039-026.png,c
nimg/img039-027.png,c
nimg/img039-028.png,c
nimg/img039-029.png,c
nimg/img039-030.png,c
nimg/img039-031.png,c
nimg/img039-032.png,c
nimg/img039-033.png,c
nimg/img039-034.png,c
nimg/img039-035.png,c
nimg/img039-036.png,c
nimg/img039-037.png,c
nimg/img039-038.png,c
nimg/img039-039.png,c
nimg/img039-040.png,c
nimg/img039-041.png,c
nimg/img039-042.png,c
nimg/img039-043.png,c
nimg/img039-044.png,c
nimg/img039-045.png,c
nimg/img039-046.png,c
nimg/img039-047.png,c
nimg/img039-048.png,c
nimg/img039-049.png,c
nimg/img039-050.png,c
nimg/img039-051.png,c
nimg/img039-052.png,c
nimg/img039-053.png,c
nimg/img039-054.png,c
nimg/img039-055.png,c
nimg/img040-001.png,d
nimg/img040-002.png,d
nimg/img040-003.png,d
nimg/img040-004.png,d
nimg/img040-005.png,d
nimg/img040-006.png,d
nimg/img040-007.png,d
nimg/img040-008.png,d
nimg/img040-009.png,d
nimg/img040-010.png,d
nimg/img040-011.png,d
nimg/img040-012.png,d
nimg/img040-013.png,d
nimg/img040-014.png,d
nimg/img040-015.png,d
nimg/img040-016.png,d
nimg/img040-017.png,d
nimg/img040-018.png,d
nimg/img040-019.png,d
nimg/img040-020.png,d
nimg/img040-021.png,d
nimg/img040-022.png,d
nimg/img040-023.png,d
nimg/img040-024.png,d
nimg/img040-025.png,d
nimg/img040-026.png,d
nimg/img040-027.png,d
nimg/img040-028.png,d
nimg/img040-029.png,d
nimg/img040-030.png,d
nimg/img040-031.png,d
nimg/img040-032.png,d
nimg/img040-033.png,d
nimg/img040-034.png,d
nimg/img040-035.png,d
nimg/img040-036.png,d
nimg/img040-037.png,d
nimg/img040-038.png,d
nimg/img040-039.png,d
nimg/img040-040.png,d
nimg/img040-041.png,d
nimg/img040-042.png,d
nimg/img040-043.png,d
nimg/img040-044.png,d
nimg/img040-045.png,d
nimg/img040-046.png,d
nimg/img040-047.png,d
nimg/img040-048.png,d
nimg/img040-049.png,d
nimg/img040-050.png,d
nimg/img040-051.png,d
nimg/img040-052.png,d
nimg/img040-053.png,d
nimg/img040-054.png,d
nimg/img040-055.png,d
nimg/img041-001.png,e
nimg/img041-002.png,e
nimg/img041-003.png,e
nimg/img041-004.png,e
nimg/img041-005.png,e
nimg/img041-006.png,e
nimg/img041-007.png,e
nimg/img041-008.png,e
nimg/img041-009.png,e
nimg/img041-010.png,e
nimg/img041-011.png,e
nimg/img041-012.png,e
nimg/img041-013.png,e
nimg/img041-014.png,e
nimg/img041-015.png,e
nimg/img041-016.png,e
nimg/img041-017.png,e
nimg/img041-018.png,e
nimg/img041-019.png,e
nimg/img041-020.png,e
nimg/img041-021.png,e
nimg/img041-022.png,e
nimg/img041-023.png,e
nimg/img041-024.png,e
nimg/img041-025.png,e
nimg/img041-026.png,e
nimg/img041-027.png,e
nimg/img041-028.png,e
nimg/img041-029.png,e
nimg/img041-030.png,e
nimg/img041-031.png,e
nimg/img041-032.png,e
nimg/img041-033.png,e
nimg/img041-034.png,e
nimg/img041-035.png,e
nimg/img041-036.png,e
nimg/img041-037.png,e
nimg/img041-038.png,e
nimg/img041-039.png,e
nimg/img041-040.png,e
nimg/img041-041.png,e
nimg/img041-042.png,e
nimg/img041-043.png,e
nimg/img041-044.png,e
nimg/img041-045.png,e
nimg/img041-046.png,e
nimg/img041-047.png,e
nimg/img041-048.png,e
nimg/img041-049.png,e
nimg/img041-050.png,e
nimg/img041-051.png,e
nimg/img041-052.png,e
nimg/img041-053.png,e
nimg/img041-054.png,e
nimg/img041-055.png,e
nimg/img042-001.png,f
nimg/img042-002.png,f
nimg/img042-003.png,f
nimg/img042-004.png,f
nimg/img042-005.png,f
nimg/img042-006.png,f
nimg/img042-007.png,f
nimg/img042-008.png,f
nimg/img042-009.png,f
nimg/img042-010.png,f
nimg/img042-011.png,f
nimg/img042-012.png,f
nimg/img042-013.png,f
nimg/img042-014.png,f
nimg/img042-015.png,f
nimg/img042-016.png,f
nimg/img042-017.png,f
nimg/img042-018.png,f
nimg/img042-019.png,f
nimg/img042-020.png,f
nimg/img042-021.png,f
nimg/img042-022.png,f
nimg/img042-023.png,f
nimg/img042-024.png,f
nimg/img042-025.png,f
nimg/img042-026.png,f
nimg/img042-027.png,f
nimg/img042-028.png,f
nimg/img042-029.png,f
nimg/img042-030.png,f
nimg/img042-031.png,f
nimg/img042-032.png,f
nimg/img042-033.png,f
nimg/img042-034.png,f
nimg/img042-035.png,f
nimg/img042-036.png,f
nimg/img042-037.png,f
nimg/img042-038.png,f
nimg/img042-039.png,f
nimg/img042-040.png,f
nimg/img042-041.png,f
nimg/img042-042.png,f
nimg/img042-043.png,f
nimg/img042-044.png,f
nimg/img042-045.png,f
nimg/img042-046.png,f
nimg/img042-047.png,f
nimg/img042-048.png,f
nimg/img042-049.png,f
nimg/img042-050.png,f
nimg/img042-051.png,f
nimg/img042-052.png,f
nimg/img042-053.png,f
nimg/img042-054.png,f
nimg/img042-055.png,f
nimg/img043-001.png,g
nimg/img043-002.png,g
nimg/img043-003.png,g
nimg/img043-004.png,g
nimg/img043-005.png,g
nimg/img043-006.png,g
nimg/img043-007.png,g
nimg/img043-008.png,g
nimg/img043-009.png,g
nimg/img043-010.png,g
nimg/img043-011.png,g
nimg/img043-012.png,g
nimg/img043-013.png,g
nimg/img043-014.png,g
nimg/img043-015.png,g
nimg/img043-016.png,g
nimg/img043-017.png,g
nimg/img043-018.png,g
nimg/img043-019.png,g
nimg/img043-020.png,g
nimg/img043-021.png,g
nimg/img043-022.png,g
nimg/img043-023.png,g
nimg/img043-024.png,g
nimg/img043-025.png,g
nimg/img043-026.png,g
nimg/img043-027.png,g
nimg/img043-028.png,g
nimg/img043-029.png,g
nimg/img043-030.png,g
nimg/img043-031.png,g
nimg/img043-032.png,g
nimg/img043-033.png,g
nimg/img043-034.png,g
nimg/img043-035.png,g
nimg/img043-036.png,g
nimg/img043-037.png,g
nimg/img043-038.png,g
nimg/img043-039.png,g
nimg/img043-040.png,g
nimg/img043-041.png,g
nimg/img043-042.png,g
nimg/img043-043.png,g
nimg/img043-044.png,g
nimg/img043-045.png,g
nimg/img043-046.png,g
nimg/img043-047.png,g
nimg/img043-048.png,g
nimg/img043-049.png,g
nimg/img043-050.png,g
nimg/img043-051.png,g
nimg/img043-052.png,g
nimg/img043-053.png,g
nimg/img043-054.png,g
nimg/img043-055.png,g
nimg/img044-001.png,h
nimg/img044-002.png,h
nimg/img044-003.png,h
nimg/img044-004.png,h
nimg/img044-005.png,h
nimg/img044-006.png,h
nimg/img044-007.png,h
nimg/img044-008.png,h
nimg/img044-009.png,h
nimg/img044-010.png,h
nimg/img044-011.png,h
nimg/img044-012.png,h
nimg/img044-013.png,h
nimg/img044-014.png,h
nimg/img044-015.png,h
nimg/img044-016.png,h
nimg/img044-017.png,h
nimg/img044-018.png,h
nimg/img044-019.png,h
nimg/img044-020.png,h
nimg/img044-021.png,h
nimg/img044-022.png,h
nimg/img044-023.png,h
nimg/img044-024.png,h
nimg/img044-025.png,h
nimg/img044-026.png,h
nimg/img044-027.png,h
nimg/img044-028.png,h
nimg/img044-029.png,h
nimg/img044-030.png,h
nimg/img044-031.png,h
nimg/img044-032.png,h
nimg/img044-033.png,h
nimg/img044-034.png,h
nimg/img044-035.png,h
nimg/img044-036.png,h
nimg/img044-037.png,h
nimg/img044-038.png,h
nimg/img044-039.png,h
nimg/img044-040.png,h
nimg/img044-041.png,h
nimg/img044-042.png,h
nimg/img044-043.png,h
nimg/img044-044.png,h
nimg/img044-045.png,h
nimg/img044-046.png,h
nimg/img044-047.png,h
nimg/img044-048.png,h
nimg/img044-049.png,h
nimg/img044-050.png,h
nimg/img044-051.png,h
nimg/img044-052.png,h
nimg/img044-053.png,h
nimg/img044-054.png,h
nimg/img044-055.png,h
nimg/img045-001.png,i
nimg/img045-002.png,i
nimg/img045-003.png,i
nimg/img045-004.png,i
nimg/img045-005.png,i
nimg/img045-006.png,i
nimg/img045-007.png,i
nimg/img045-008.png,i
nimg/img045-009.png,i
nimg/img045-010.png,i
nimg/img045-011.png,i
nimg/img045-012.png,i
nimg/img045-013.png,i
nimg/img045-014.png,i
nimg/img045-015.png,i
nimg/img045-016.png,i
nimg/img045-017.png,i
nimg/img045-018.png,i
nimg/img045-019.png,i
nimg/img045-020.png,i
nimg/img045-021.png,i
nimg/img045-022.png,i
nimg/img045-023.png,i
nimg/img045-024.png,i
nimg/img045-025.png,i
nimg/img045-026.png,i
nimg/img045-027.png,i
nimg/img045-028.png,i
nimg/img045-029.png,i
nimg/img045-030.png,i
nimg/img045-031.png,i
nimg/img045-032.png,i
nimg/img045-033.png,i
nimg/img045-034.png,i
nimg/img045-035.png,i
nimg/img045-036.png,i
nimg/img045-037.png,i
nimg/img045-038.png,i
nimg/img045-039.png,i
nimg/img045-040.png,i
nimg/img045-041.png,i
nimg/img045-042.png,i
nimg/img045-043.png,i
nimg/img045-044.png,i
nimg/img045-045.png,i
nimg/img045-046.png,i
nimg/img045-047.png,i
nimg/img045-048.png,i
nimg/img045-049.png,i
nimg/img045-050.png,i
nimg/img045-051.png,i
nimg/img045-052.png,i
nimg/img045-053.png,i
nimg/img045-054.png,i
nimg/img045-055.png,i
nimg/img046-001.png,j
nimg/img046-002.png,j
nimg/img046-003.png,j
nimg/img046-004.png,j
nimg/img046-005.png,j
nimg/img046-006.png,j
nimg/img046-007.png,j
nimg/img046-008.png,j
nimg/img046-009.png,j
nimg/img046-010.png,j
nimg/img046-011.png,j
nimg/img046-012.png,j
nimg/img046-013.png,j
nimg/img046-014.png,j
nimg/img046-015.png,j
nimg/img046-016.png,j
nimg/img046-017.png,j
nimg/img046-018.png,j
nimg/img046-019.png,j
nimg/img046-020.png,j
nimg/img046-021.png,j
nimg/img046-022.png,j
nimg/img046-023.png,j
nimg/img046-024.png,j
nimg/img046-025.png,j
nimg/img046-026.png,j
nimg/img046-027.png,j
nimg/img046-028.png,j
nimg/img046-029.png,j
nimg/img046-030.png,j
nimg/img046-031.png,j
nimg/img046-032.png,j
nimg/img046-033.png,j
nimg/img046-034.png,j
nimg/img046-035.png,j
nimg/img046-036.png,j
nimg/img046-037.png,j
nimg/img046-038.png,j
nimg/img046-039.png,j
nimg/img046-040.png,j
nimg/img046-041.png,j
nimg/img046-042.png,j
nimg/img046-043.png,j
nimg/img046-044.png,j
nimg/img046-045.png,j
nimg/img046-046.png,j
nimg/img046-047.png,j
nimg/img046-048.png,j
nimg/img046-049.png,j
nimg/img046-050.png,j
nimg/img046-051.png,j
nimg/img046-052.png,j
nimg/img046-053.png,j
nimg/img046-054.png,j
nimg/img046-055.png,j
nimg/img047-001.png,k
nimg/img047-002.png,k
nimg/img047-003.png,k
nimg/img047-004.png,k
nimg/img047-005.png,k
nimg/img047-006.png,k
nimg/img047-007.png,k
nimg/img047-008.png,k
nimg/img047-009.png,k
nimg/img047-010.png,k
nimg/img047-011.png,k
nimg/img047-012.png,k
nimg/img047-013.png,k
nimg/img047-014.png,k
nimg/img047-015.png,k
nimg/img047-016.png,k
nimg/img047-017.png,k
nimg/img047-018.png,k
nimg/img047-019.png,k
nimg/img047-020.png,k
nimg/img047-021.png,k
nimg/img047-022.png,k
nimg/img047-023.png,k
nimg/img047-024.png,k
nimg/img047-025.png,k
nimg/img047-026.png,k
nimg/img047-027.png,k
nimg/img047-028.png,k
nimg/img047-029.png,k
nimg/img047-030.png,k
nimg/img047-031.png,k
nimg/img047-032.png,k
nimg/img047-033.png,k
nimg/img047-034.png,k
nimg/img047-035.png,k
nimg/img047-036.png,k
nimg/img047-037.png,k
nimg/img047-038.png,k
nimg/img047-039.png,k
nimg/img047-040.png,k
nimg/img047-041.png,k
nimg/img047-042.png,k
nimg/img047-043.png,k
nimg/img047-044.png,k
nimg/img047-045.png,k
nimg/img047-046.png,k
nimg/img047-047.png,k
nimg/img047-048.png,k
nimg/img047-049.png,k
nimg/img047-050.png,k
nimg/img047-051.png,k
nimg/img047-052.png,k
nimg/img047-053.png,k
nimg/img047-054.png,k
nimg/img047-055.png,k
nimg/img048-001.png,l
nimg/img048-002.png,l
nimg/img048-003.png,l
nimg/img048-004.png,l
nimg/img048-005.png,l
nimg/img048-006.png,l
nimg/img048-007.png,l
nimg/img048-008.png,l
nimg/img048-009.png,l
nimg/img048-010.png,l
nimg/img048-011.png,l
nimg/img048-012.png,l
nimg/img048-013.png,l
nimg/img048-014.png,l
nimg/img048-015.png,l
nimg/img048-016.png,l
nimg/img048-017.png,l
nimg/img048-018.png,l
nimg/img048-019.png,l
nimg/img048-020.png,l
nimg/img048-021.png,l
nimg/img048-022.png,l
nimg/img048-023.png,l
nimg/img048-024.png,l
nimg/img048-025.png,l
nimg/img048-026.png,l
nimg/img048-027.png,l
nimg/img048-028.png,l
nimg/img048-029.png,l
nimg/img048-030.png,l
nimg/img048-031.png,l
nimg/img048-032.png,l
nimg/img048-033.png,l
nimg/img048-034.png,l
nimg/img048-035.png,l
nimg/img048-036.png,l
nimg/img048-037.png,l
nimg/img048-038.png,l
nimg/img048-039.png,l
nimg/img048-040.png,l
nimg/img048-041.png,l
nimg/img048-042.png,l
nimg/img048-043.png,l
nimg/img048-044.png,l
nimg/img048-045.png,l
nimg/img048-046.png,l
nimg/img048-047.png,l
nimg/img048-048.png,l
nimg/img048-049.png,l
nimg/img048-050.png,l
nimg/img048-051.png,l
nimg/img048-052.png,l
nimg/img048-053.png,l
nimg/img048-054.png,l
nimg/img048-055.png,l
nimg/img049-001.png,m
nimg/img049-002.png,m
nimg/img049-003.png,m
nimg/img049-004.png,m
nimg/img049-005.png,m
nimg/img049-006.png,m
nimg/img049-007.png,m
nimg/img049-008.png,m
nimg/img049-009.png,m
nimg/img049-010.png,m
nimg/img049-011.png,m
nimg/img049-012.png,m
nimg/img049-013.png,m
nimg/img049-014.png,m
nimg/img049-015.png,m
nimg/img049-016.png,m
nimg/img049-017.png,m
nimg/img049-018.png,m
nimg/img049-019.png,m
nimg/img049-020.png,m
nimg/img049-021.png,m
nimg/img049-022.png,m
nimg/img049-023.png,m
nimg/img049-024.png,m
nimg/img049-025.png,m
nimg/img049-026.png,m
nimg/img049-027.png,m
nimg/img049-028.png,m
nimg/img049-029.png,m
nimg/img049-030.png,m
nimg/img049-031.png,m
nimg/img049-032.png,m
nimg/img049-033.png,m
nimg/img049-034.png,m
nimg/img049-035.png,m
nimg/img049-036.png,m
nimg/img049-037.png,m
nimg/img049-038.png,m
nimg/img049-039.png,m
nimg/img049-040.png,m
nimg/img049-041.png,m
nimg/img049-042.png,m
nimg/img049-043.png,m
nimg/img049-044.png,m
nimg/img049-045.png,m
nimg/img049-046.png,m
nimg/img049-047.png,m
nimg/img049-048.png,m
nimg/img049-049.png,m
nimg/img049-050.png,m
nimg/img049-051.png,m
nimg/img049-052.png,m
nimg/img049-053.png,m
nimg/img049-054.png,m
nimg/img049-055.png,m
nimg/img050-001.png,n
nimg/img050-002.png,n
nimg/img050-003.png,n
nimg/img050-004.png,n
nimg/img050-005.png,n
nimg/img050-006.png,n
nimg/img050-007.png,n
nimg/img050-008.png,n
nimg/img050-009.png,n
nimg/img050-010.png,n
nimg/img050-011.png,n
nimg/img050-012.png,n
nimg/img050-013.png,n
nimg/img050-014.png,n
nimg/img050-015.png,n
nimg/img050-016.png,n
nimg/img050-017.png,n
nimg/img050-018.png,n
nimg/img050-019.png,n
nimg/img050-020.png,n
nimg/img050-021.png,n
nimg/img050-022.png,n
nimg/img050-023.png,n
nimg/img050-024.png,n
nimg/img050-025.png,n
nimg/img050-026.png,n
nimg/img050-027.png,n
nimg/img050-028.png,n
nimg/img050-029.png,n
nimg/img050-030.png,n
nimg/img050-031.png,n
nimg/img050-032.png,n
nimg/img050-033.png,n
nimg/img050-034.png,n
nimg/img050-035.png,n
nimg/img050-036.png,n
nimg/img050-037.png,n
nimg/img050-038.png,n
nimg/img050-039.png,n
nimg/img050-040.png,n
nimg/img050-041.png,n
nimg/img050-042.png,n
nimg/img050-043.png,n
nimg/img050-044.png,n
nimg/img050-045.png,n
nimg/img050-046.png,n
nimg/img050-047.png,n
nimg/img050-048.png,n
nimg/img050-049.png,n
nimg/img050-050.png,n
nimg/img050-051.png,n
nimg/img050-052.png,n
nimg/img050-053.png,n
nimg/img050-054.png,n
nimg/img050-055.png,n
nimg/img051-001.png,o
nimg/img051-002.png,o
nimg/img051-003.png,o
nimg/img051-004.png,o
nimg/img051-005.png,o
nimg/img051-006.png,o
nimg/img051-007.png,o
nimg/img051-008.png,o
nimg/img051-009.png,o
nimg/img051-010.png,o
nimg/img051-011.png,o
nimg/img051-012.png,o
nimg/img051-013.png,o
nimg/img051-014.png,o
nimg/img051-015.png,o
nimg/img051-016.png,o
nimg/img051-017.png,o
nimg/img051-018.png,o
nimg/img051-019.png,o
nimg/img051-020.png,o
nimg/img051-021.png,o
nimg/img051-022.png,o
nimg/img051-023.png,o
nimg/img051-024.png,o
nimg/img051-025.png,o
nimg/img051-026.png,o
nimg/img051-027.png,o
nimg/img051-028.png,o
nimg/img051-029.png,o
nimg/img051-030.png,o
nimg/img051-031.png,o
nimg/img051-032.png,o
nimg/img051-033.png,o
nimg/img051-034.png,o
nimg/img051-035.png,o
nimg/img051-036.png,o
nimg/img051-037.png,o
nimg/img051-038.png,o
nimg/img051-039.png,o
nimg/img051-040.png,o
nimg/img051-041.png,o
nimg/img051-042.png,o
nimg/img051-043.png,o
nimg/img051-044.png,o
nimg/img051-045.png,o
nimg/img051-046.png,o
nimg/img051-047.png,o
nimg/img051-048.png,o
nimg/img051-049.png,o
nimg/img051-050.png,o
nimg/img051-051.png,o
nimg/img051-052.png,o
nimg/img051-053.png,o
nimg/img051-054.png,o
nimg/img051-055.png,o
nimg/img052-001.png,p
nimg/img052-002.png,p
nimg/img052-003.png,p
nimg/img052-004.png,p
nimg/img052-005.png,p
nimg/img052-006.png,p
nimg/img052-007.png,p
nimg/img052-008.png,p
nimg/img052-009.png,p
nimg/img052-010.png,p
nimg/img052-011.png,p
nimg/img052-012.png,p
nimg/img052-013.png,p
nimg/img052-014.png,p
nimg/img052-015.png,p
nimg/img052-016.png,p
nimg/img052-017.png,p
nimg/img052-018.png,p
nimg/img052-019.png,p
nimg/img052-020.png,p
nimg/img052-021.png,p
nimg/img052-022.png,p
nimg/img052-023.png,p
nimg/img052-024.png,p
nimg/img052-025.png,p
nimg/img052-026.png,p
nimg/img052-027.png,p
nimg/img052-028.png,p
nimg/img052-029.png,p
nimg/img052-030.png,p
nimg/img052-031.png,p
nimg/img052-032.png,p
nimg/img052-033.png,p
nimg/img052-034.png,p
nimg/img052-035.png,p
nimg/img052-036.png,p
nimg/img052-037.png,p
nimg/img052-038.png,p
nimg/img052-039.png,p
nimg/img052-040.png,p
nimg/img052-041.png,p
nimg/img052-042.png,p
nimg/img052-043.png,p
nimg/img052-044.png,p
nimg/img052-045.png,p
nimg/img052-046.png,p
nimg/img052-047.png,p
nimg/img052-048.png,p
nimg/img052-049.png,p
nimg/img052-050.png,p
nimg/img052-051.png,p
nimg/img052-052.png,p
nimg/img052-053.png,p
nimg/img052-054.png,p
nimg/img052-055.png,p
nimg/img053-001.png,q
nimg/img053-002.png,q
nimg/img053-003.png,q
nimg/img053-004.png,q
nimg/img053-005.png,q
nimg/img053-006.png,q
nimg/img053-007.png,q
nimg/img053-008.png,q
nimg/img053-009.png,q
nimg/img053-010.png,q
nimg/img053-011.png,q
nimg/img053-012.png,q
nimg/img053-013.png,q
nimg/img053-014.png,q
nimg/img053-015.png,q
nimg/img053-016.png,q
nimg/img053-017.png,q
nimg/img053-018.png,q
nimg/img053-019.png,q
nimg/img053-020.png,q
nimg/img053-021.png,q
nimg/img053-022.png,q
nimg/img053-023.png,q
nimg/img053-024.png,q
nimg/img053-025.png,q
nimg/img053-026.png,q
nimg/img053-027.png,q
nimg/img053-028.png,q
nimg/img053-029.png,q
nimg/img053-030.png,q
nimg/img053-031.png,q
nimg/img053-032.png,q
nimg/img053-033.png,q
nimg/img053-034.png,q
nimg/img053-035.png,q
nimg/img053-036.png,q
nimg/img053-037.png,q
nimg/img053-038.png,q
nimg/img053-039.png,q
nimg/img053-040.png,q
nimg/img053-041.png,q
nimg/img053-042.png,q
nimg/img053-043.png,q
nimg/img053-044.png,q
nimg/img053-045.png,q
nimg/img053-046.png,q
nimg/img053-047.png,q
nimg/img053-048.png,q
nimg/img053-049.png,q
nimg/img053-050.png,q
nimg/img053-051.png,q
nimg/img053-052.png,q
nimg/img053-053.png,q
nimg/img053-054.png,q
nimg/img053-055.png,q
nimg/img054-001.png,r
nimg/img054-002.png,r
nimg/img054-003.png,r
nimg/img054-004.png,r
nimg/img054-005.png,r
nimg/img054-006.png,r
nimg/img054-007.png,r
nimg/img054-008.png,r
nimg/img054-009.png,r
nimg/img054-010.png,r
nimg/img054-011.png,r
nimg/img054-012.png,r
nimg/img054-013.png,r
nimg/img054-014.png,r
nimg/img054-015.png,r
nimg/img054-016.png,r
nimg/img054-017.png,r
nimg/img054-018.png,r
nimg/img054-019.png,r
nimg/img054-020.png,r
nimg/img054-021.png,r
nimg/img054-022.png,r
nimg/img054-023.png,r
nimg/img054-024.png,r
nimg/img054-025.png,r
nimg/img054-026.png,r
nimg/img054-027.png,r
nimg/img054-028.png,r
nimg/img054-029.png,r
nimg/img054-030.png,r
nimg/img054-031.png,r
nimg/img054-032.png,r
nimg/img054-033.png,r
nimg/img054-034.png,r
nimg/img054-035.png,r
nimg/img054-036.png,r
nimg/img054-037.png,r
nimg/img054-038.png,r
nimg/img054-039.png,r
nimg/img054-040.png,r
nimg/img054-041.png,r
nimg/img054-042.png,r
nimg/img054-043.png,r
nimg/img054-044.png,r
nimg/img054-045.png,r
nimg/img054-046.png,r
nimg/img054-047.png,r
nimg/img054-048.png,r
nimg/img054-049.png,r
nimg/img054-050.png,r
nimg/img054-051.png,r
nimg/img054-052.png,r
nimg/img054-053.png,r
nimg/img054-054.png,r
nimg/img054-055.png,r
nimg/img055-001.png,s
nimg/img055-002.png,s
nimg/img055-003.png,s
nimg/img055-004.png,s
nimg/img055-005.png,s
nimg/img055-006.png,s
nimg/img055-007.png,s
nimg/img055-008.png,s
nimg/img055-009.png,s
nimg/img055-010.png,s
nimg/img055-011.png,s
nimg/img055-012.png,s
nimg/img055-013.png,s
nimg/img055-014.png,s
nimg/img055-015.png,s
nimg/img055-016.png,s
nimg/img055-017.png,s
nimg/img055-018.png,s
nimg/img055-019.png,s
nimg/img055-020.png,s
nimg/img055-021.png,s
nimg/img055-022.png,s
nimg/img055-023.png,s
nimg/img055-024.png,s
nimg/img055-025.png,s
nimg/img055-026.png,s
nimg/img055-027.png,s
nimg/img055-028.png,s
nimg/img055-029.png,s
nimg/img055-030.png,s
nimg/img055-031.png,s
nimg/img055-032.png,s
nimg/img055-033.png,s
nimg/img055-034.png,s
nimg/img055-035.png,s
nimg/img055-036.png,s
nimg/img055-037.png,s
nimg/img055-038.png,s
nimg/img055-039.png,s
nimg/img055-040.png,s
nimg/img055-041.png,s
nimg/img055-042.png,s
nimg/img055-043.png,s
nimg/img055-044.png,s
nimg/img055-045.png,s
nimg/img055-046.png,s
nimg/img055-047.png,s
nimg/img055-048.png,s
nimg/img055-049.png,s
nimg/img055-050.png,s
nimg/img055-051.png,s
nimg/img055-052.png,s
nimg/img055-053.png,s
nimg/img055-054.png,s
nimg/img055-055.png,s
nimg/img056-001.png,t
nimg/img056-002.png,t
nimg/img056-003.png,t
nimg/img056-004.png,t
nimg/img056-005.png,t
nimg/img056-006.png,t
nimg/img056-007.png,t
nimg/img056-008.png,t
nimg/img056-009.png,t
nimg/img056-010.png,t
nimg/img056-011.png,t
nimg/img056-012.png,t
nimg/img056-013.png,t
nimg/img056-014.png,t
nimg/img056-015.png,t
nimg/img056-016.png,t
nimg/img056-017.png,t
nimg/img056-018.png,t
nimg/img056-019.png,t
nimg/img056-020.png,t
nimg/img056-021.png,t
nimg/img056-022.png,t
nimg/img056-023.png,t
nimg/img056-024.png,t
nimg/img056-025.png,t
nimg/img056-026.png,t
nimg/img056-027.png,t
nimg/img056-028.png,t
nimg/img056-029.png,t
nimg/img056-030.png,t
nimg/img056-031.png,t
nimg/img056-032.png,t
nimg/img056-033.png,t
nimg/img056-034.png,t
nimg/img056-035.png,t
nimg/img056-036.png,t
nimg/img056-037.png,t
nimg/img056-038.png,t
nimg/img056-039.png,t
nimg/img056-040.png,t
nimg/img056-041.png,t
nimg/img056-042.png,t
nimg/img056-043.png,t
nimg/img056-044.png,t
nimg/img056-045.png,t
nimg/img056-046.png,t
nimg/img056-047.png,t
nimg/img056-048.png,t
nimg/img056-049.png,t
nimg/img056-050.png,t
nimg/img056-051.png,t
nimg/img056-052.png,t
nimg/img056-053.png,t
nimg/img056-054.png,t
nimg/img056-055.png,t
nimg/img057-001.png,u
nimg/img057-002.png,u
nimg/img057-003.png,u
nimg/img057-004.png,u
nimg/img057-005.png,u
nimg/img057-006.png,u
nimg/img057-007.png,u
nimg/img057-008.png,u
nimg/img057-009.png,u
nimg/img057-010.png,u
nimg/img057-011.png,u
nimg/img057-012.png,u
nimg/img057-013.png,u
nimg/img057-014.png,u
nimg/img057-015.png,u
nimg/img057-016.png,u
nimg/img057-017.png,u
nimg/img057-018.png,u
nimg/img057-019.png,u
nimg/img057-020.png,u
nimg/img057-021.png,u
nimg/img057-022.png,u
nimg/img057-023.png,u
nimg/img057-024.png,u
nimg/img057-025.png,u
nimg/img057-026.png,u
nimg/img057-027.png,u
nimg/img057-028.png,u
nimg/img057-029.png,u
nimg/img057-030.png,u
nimg/img057-031.png,u
nimg/img057-032.png,u
nimg/img057-033.png,u
nimg/img057-034.png,u
nimg/img057-035.png,u
nimg/img057-036.png,u
nimg/img057-037.png,u
nimg/img057-038.png,u
nimg/img057-039.png,u
nimg/img057-040.png,u
nimg/img057-041.png,u
nimg/img057-042.png,u
nimg/img057-043.png,u
nimg/img057-044.png,u
nimg/img057-045.png,u
nimg/img057-046.png,u
nimg/img057-047.png,u
nimg/img057-048.png,u
nimg/img057-049.png,u
nimg/img057-050.png,u
nimg/img057-051.png,u
nimg/img057-052.png,u
nimg/img057-053.png,u
nimg/img057-054.png,u
nimg/img057-055.png,u
nimg/img058-001.png,v
nimg/img058-002.png,v
nimg/img058-003.png,v
nimg/img058-004.png,v
nimg/img058-005.png,v
nimg/img058-006.png,v
nimg/img058-007.png,v
nimg/img058-008.png,v
nimg/img058-009.png,v
nimg/img058-010.png,v
nimg/img058-011.png,v
nimg/img058-012.png,v
nimg/img058-013.png,v
nimg/img058-014.png,v
nimg/img058-015.png,v
nimg/img058-016.png,v
nimg/img058-017.png,v
nimg/img058-018.png,v
nimg/img058-019.png,v
nimg/img058-020.png,v
nimg/img058-021.png,v
nimg/img058-022.png,v
nimg/img058-023.png,v
nimg/img058-024.png,v
nimg/img058-025.png,v
nimg/img058-026.png,v
nimg/img058-027.png,v
nimg/img058-028.png,v
nimg/img058-029.png,v
nimg/img058-030.png,v
nimg/img058-031.png,v
nimg/img058-032.png,v
nimg/img058-033.png,v
nimg/img058-034.png,v
nimg/img058-035.png,v
nimg/img058-036.png,v
nimg/img058-037.png,v
nimg/img058-038.png,v
nimg/img058-039.png,v
nimg/img058-040.png,v
nimg/img058-041.png,v
nimg/img058-042.png,v
nimg/img058-043.png,v
nimg/img058-044.png,v
nimg/img058-045.png,v
nimg/img058-046.png,v
nimg/img058-047.png,v
nimg/img058-048.png,v
nimg/img058-049.png,v
nimg/img058-050.png,v
nimg/img058-051.png,v
nimg/img058-052.png,v
nimg/img058-053.png,v
nimg/img058-054.png,v
nimg/img058-055.png,v
nimg/img059-001.png,w
nimg/img059-002.png,w
nimg/img059-003.png,w
nimg/img059-004.png,w
nimg/img059-005.png,w
nimg/img059-006.png,w
nimg/img059-007.png,w
nimg/img059-008.png,w
nimg/img059-009.png,w
nimg/img059-010.png,w
nimg/img059-011.png,w
nimg/img059-012.png,w
nimg/img059-013.png,w
nimg/img059-014.png,w
nimg/img059-015.png,w
nimg/img059-016.png,w
nimg/img059-017.png,w
nimg/img059-018.png,w
nimg/img059-019.png,w
nimg/img059-020.png,w
nimg/img059-021.png,w
nimg/img059-022.png,w
nimg/img059-023.png,w
nimg/img059-024.png,w
nimg/img059-025.png,w
nimg/img059-026.png,w
nimg/img059-027.png,w
nimg/img059-028.png,w
nimg/img059-029.png,w
nimg/img059-030.png,w
nimg/img059-031.png,w
nimg/img059-032.png,w
nimg/img059-033.png,w
nimg/img059-034.png,w
nimg/img059-035.png,w
nimg/img059-036.png,w
nimg/img059-037.png,w
nimg/img059-038.png,w
nimg/img059-039.png,w
nimg/img059-040.png,w
nimg/img059-041.png,w
nimg/img059-042.png,w
nimg/img059-043.png,w
nimg/img059-044.png,w
nimg/img059-045.png,w
nimg/img059-046.png,w
nimg/img059-047.png,w
nimg/img059-048.png,w
nimg/img059-049.png,w
nimg/img059-050.png,w
nimg/img059-051.png,w
nimg/img059-052.png,w
nimg/img059-053.png,w
nimg/img059-054.png,w
nimg/img059-055.png,w
nimg/img060-001.png,x
nimg/img060-002.png,x
nimg/img060-003.png,x
nimg/img060-004.png,x
nimg/img060-005.png,x
nimg/img060-006.png,x
nimg/img060-007.png,x
nimg/img060-008.png,x
nimg/img060-009.png,x
nimg/img060-010.png,x
nimg/img060-011.png,x
nimg/img060-012.png,x
nimg/img060-013.png,x
nimg/img060-014.png,x
nimg/img060-015.png,x
nimg/img060-016.png,x
nimg/img060-017.png,x
nimg/img060-018.png,x
nimg/img060-019.png,x
nimg/img060-020.png,x
nimg/img060-021.png,x
nimg/img060-022.png,x
nimg/img060-023.png,x
nimg/img060-024.png,x
nimg/img060-025.png,x
nimg/img060-026.png,x
nimg/img060-027.png,x
nimg/img060-028.png,x
nimg/img060-029.png,x
nimg/img060-030.png,x
nimg/img060-031.png,x
nimg/img060-032.png,x
nimg/img060-033.png,x
nimg/img060-034.png,x
nimg/img060-035.png,x
nimg/img060-036.png,x
nimg/img060-037.png,x
nimg/img060-038.png,x
nimg/img060-039.png,x
nimg/img060-040.png,x
nimg/img060-041.png,x
nimg/img060-042.png,x
nimg/img060-043.png,x
nimg/img060-044.png,x
nimg/img060-045.png,x
nimg/img060-046.png,x
nimg/img060-047.png,x
nimg/img060-048.png,x
nimg/img060-049.png,x
nimg/img060-050.png,x
nimg/img060-051.png,x
nimg/img060-052.png,x
nimg/img060-053.png,x
nimg/img060-054.png,x
nimg/img060-055.png,x
nimg/img061-001.png,y
nimg/img061-002.png,y
nimg/img061-003.png,y
nimg/img061-004.png,y
nimg/img061-005.png,y
nimg/img061-006.png,y
nimg/img061-007.png,y
nimg/img061-008.png,y
nimg/img061-009.png,y
nimg/img061-010.png,y
nimg/img061-011.png,y
nimg/img061-012.png,y
nimg/img061-013.png,y
nimg/img061-014.png,y
nimg/img061-015.png,y
nimg/img061-016.png,y
nimg/img061-017.png,y
nimg/img061-018.png,y
nimg/img061-019.png,y
nimg/img061-020.png,y
nimg/img061-021.png,y
nimg/img061-022.png,y
nimg/img061-023.png,y
nimg/img061-024.png,y
nimg/img061-025.png,y
nimg/img061-026.png,y
nimg/img061-027.png,y
nimg/img061-028.png,y
nimg/img061-029.png,y
nimg/img061-030.png,y
nimg/img061-031.png,y
nimg/img061-032.png,y
nimg/img061-033.png,y
nimg/img061-034.png,y
nimg/img061-035.png,y
nimg/img061-036.png,y
nimg/img061-037.png,y
nimg/img061-038.png,y
nimg/img061-039.png,y
nimg/img061-040.png,y
nimg/img061-041.png,y
nimg/img061-042.png,y
nimg/img061-043.png,y
nimg/img061-044.png,y
nimg/img061-045.png,y
nimg/img061-046.png,y
nimg/img061-047.png,y
nimg/img061-048.png,y
nimg/img061-049.png,y
nimg/img061-050.png,y
nimg/img061-051.png,y
nimg/img061-052.png,y
nimg/img061-053.png,y
nimg/img061-054.png,y
nimg/img061-055.png,y
nimg/img062-001.png,z
nimg/img062-002.png,z
nimg/img062-003.png,z
nimg/img062-004.png,z
nimg/img062-005.png,z
nimg/img062-006.png,z
nimg/img062-007.png,z
nimg/img062-008.png,z
nimg/img062-009.png,z
nimg/img062-010.png,z
nimg/img062-011.png,z
nimg/img062-012.png,z
nimg/img062-013.png,z
nimg/img062-014.png,z
nimg/img062-015.png,z
nimg/img062-016.png,z
nimg/img062-017.png,z
nimg/img062-018.png,z
nimg/img062-019.png,z
nimg/img062-020.png,z
nimg/img062-021.png,z
nimg/img062-022.png,z
nimg/img062-023.png,z
nimg/img062-024.png,z
nimg/img062-025.png,z
nimg/img062-026.png,z
nimg/img062-027.png,z
nimg/img062-028.png,z
nimg/img062-029.png,z
nimg/img062-030.png,z
nimg/img062-031.png,z
nimg/img062-032.png,z
nimg/img062-033.png,z
nimg/img062-034.png,z
nimg/img062-035.png,z
nimg/img062-036.png,z
nimg/img062-037.png,z
nimg/img062-038.png,z
nimg/img062-039.png,z
nimg/img062-040.png,z
nimg/img062-041.png,z
nimg/img062-042.png,z
nimg/img062-043.png,z
nimg/img062-044.png,z
nimg/img062-045.png,z
nimg/img062-046.png,z
nimg/img062-047.png,z
nimg/img062-048.png,z
nimg/img062-049.png,z
nimg/img062-050.png,z
nimg/img062-051.png,z
nimg/img062-052.png,z
nimg/img062-053.png,z
nimg/img062-054.png,z
nimg/img062-055.png,z
